arm,control,role,metric,better_direction,control_mean,control_sd,arm_mean,arm_sd,paired_diff_mean,paired_diff_sd,paired_diff_se,abs_mean_over_se,sign_agreement,ci95_low,ci95_high,p_value,significant,verdict,diff_seed0,diff_seed1,diff_seed2,diff_seed3,diff_seed4
C_soft,A_ce,main: proposed vs baseline,iou_free,higher,0.806952,0.001409,0.815213,0.00133,0.008261,0.001805,0.000807,10.232,5/5,0.006019,0.010502,0.00051,True,arm better,0.006438,0.007538,0.007013,0.010629,0.009685
C_soft,A_ce,main: proposed vs baseline,iou_non_free,higher,0.941616,0.00057,0.945107,0.000727,0.003491,0.000655,0.000293,11.928,5/5,0.002679,0.004304,0.00028,True,arm better,0.00257,0.003969,0.003123,0.004189,0.003607
C_soft,A_ce,main: proposed vs baseline,precision,higher,0.873895,0.001696,0.881939,0.002012,0.008045,0.002861,0.00128,6.287,5/5,0.004492,0.011597,0.00327,True,arm better,0.005,0.008219,0.006589,0.012654,0.007762
C_soft,A_ce,main: proposed vs baseline,recall,higher,0.91464,0.001923,0.916756,0.001501,0.002116,0.001919,0.000858,2.465,4/5,-0.000267,0.004499,0.06932,False,no significant difference (95% CI includes 0),0.003536,0.001013,0.001801,-0.000273,0.004502
C_soft,A_ce,main: proposed vs baseline,bf_10cm,higher,0.61766,0.004738,0.611267,0.004772,-0.006393,0.004472,0.002,3.196,4/5,-0.011946,-0.00084,0.03302,True,control better,-0.005164,-0.012363,-0.007105,4e-05,-0.007373
C_soft,A_ce,main: proposed vs baseline,bf_20cm,higher,0.837147,0.004018,0.836745,0.006727,-0.000402,0.003556,0.001591,0.253,3/5,-0.004818,0.004014,0.813,False,no significant difference (95% CI includes 0),-0.000176,0.00387,-0.000104,0.000418,-0.006018
C_soft,A_ce,main: proposed vs baseline,bf_30cm,higher,0.896537,0.002844,0.901917,0.003857,0.005379,0.001764,0.000789,6.819,5/5,0.003189,0.00757,0.00242,True,arm better,0.005323,0.006563,0.006108,0.006547,0.002355
C_soft,C_hard,mechanism: soft vs hard band target (only knob),iou_free,higher,0.805756,0.001206,0.815213,0.00133,0.009457,0.001042,0.000466,20.301,5/5,0.008164,0.01075,3e-05,True,arm better,0.010619,0.009752,0.008023,0.008796,0.010096
C_soft,C_hard,mechanism: soft vs hard band target (only knob),iou_non_free,higher,0.941436,0.000806,0.945107,0.000727,0.003672,0.000493,0.00022,16.665,5/5,0.00306,0.004284,8e-05,True,arm better,0.004121,0.003802,0.00335,0.002988,0.004097
C_soft,C_hard,mechanism: soft vs hard band target (only knob),precision,higher,0.876206,0.001248,0.881939,0.002012,0.005734,0.002018,0.000902,6.353,5/5,0.003228,0.008239,0.00315,True,arm better,0.005839,0.006959,0.002673,0.007997,0.0052
C_soft,C_hard,mechanism: soft vs hard band target (only knob),recall,higher,0.910607,0.001806,0.916756,0.001501,0.006149,0.002081,0.00093,6.609,5/5,0.003566,0.008732,0.00272,True,arm better,0.007446,0.005442,0.007282,0.002801,0.007775
C_soft,C_hard,mechanism: soft vs hard band target (only knob),bf_10cm,higher,0.616088,0.005097,0.611267,0.004772,-0.004821,0.003739,0.001672,2.883,4/5,-0.009464,-0.000178,0.04487,True,control better,0.001299,-0.004959,-0.006693,-0.00868,-0.005074
C_soft,C_hard,mechanism: soft vs hard band target (only knob),bf_20cm,higher,0.835721,0.003263,0.836745,0.006727,0.001024,0.00456,0.002039,0.502,3/5,-0.004638,0.006685,0.64206,False,no significant difference (95% CI includes 0),0.003915,0.007014,-0.000428,-0.000546,-0.004837
C_soft,C_hard,mechanism: soft vs hard band target (only knob),bf_30cm,higher,0.895315,0.001585,0.901917,0.003857,0.006601,0.002683,0.0012,5.501,5/5,0.003269,0.009933,0.00533,True,arm better,0.008485,0.009899,0.006672,0.004516,0.003435
C_hard,A_ce,mechanism: aggregation only (both hard),iou_free,higher,0.806952,0.001409,0.805756,0.001206,-0.001196,0.002223,0.000994,1.203,4/5,-0.003957,0.001564,0.29522,False,no significant difference (95% CI includes 0),-0.004181,-0.002214,-0.001009,0.001833,-0.000411
C_hard,A_ce,mechanism: aggregation only (both hard),iou_non_free,higher,0.941616,0.00057,0.941436,0.000806,-0.00018,0.001001,0.000448,0.403,3/5,-0.001423,0.001062,0.70755,False,no significant difference (95% CI includes 0),-0.001552,0.000167,-0.000227,0.0012,-0.00049
C_hard,A_ce,mechanism: aggregation only (both hard),precision,higher,0.873895,0.001696,0.876206,0.001248,0.002311,0.002189,0.000979,2.361,4/5,-0.000407,0.005029,0.07758,False,no significant difference (95% CI includes 0),-0.000839,0.00126,0.003915,0.004657,0.002562
C_hard,A_ce,mechanism: aggregation only (both hard),recall,higher,0.91464,0.001923,0.910607,0.001806,-0.004033,0.00097,0.000434,9.295,5/5,-0.005238,-0.002829,0.00075,True,control better,-0.00391,-0.004429,-0.005481,-0.003074,-0.003273
C_hard,A_ce,mechanism: aggregation only (both hard),bf_10cm,higher,0.61766,0.004738,0.616088,0.005097,-0.001572,0.006437,0.002879,0.546,4/5,-0.009564,0.006421,0.6141,False,no significant difference (95% CI includes 0),-0.006463,-0.007404,-0.000412,0.00872,-0.002299
C_hard,A_ce,mechanism: aggregation only (both hard),bf_20cm,higher,0.837147,0.004018,0.835721,0.003263,-0.001425,0.002173,0.000972,1.467,3/5,-0.004124,0.001273,0.21633,False,no significant difference (95% CI includes 0),-0.00409,-0.003145,0.000324,0.000964,-0.00118
C_hard,A_ce,mechanism: aggregation only (both hard),bf_30cm,higher,0.896537,0.002844,0.895315,0.001585,-0.001222,0.002195,0.000982,1.245,4/5,-0.003947,0.001504,0.28118,False,no significant difference (95% CI includes 0),-0.003161,-0.003336,-0.000563,0.002032,-0.00108
B_perset,A_ce,aggregation + band removal,iou_free,higher,0.806952,0.001409,0.673898,0.014635,-0.133054,0.015484,0.006924,19.215,5/5,-0.15228,-0.113829,4e-05,True,control better,-0.127437,-0.158798,-0.11743,-0.128521,-0.133087
B_perset,A_ce,aggregation + band removal,iou_non_free,higher,0.941616,0.00057,0.892821,0.007625,-0.048795,0.007915,0.00354,13.784,5/5,-0.058624,-0.038967,0.00016,True,control better,-0.044832,-0.062227,-0.041741,-0.046638,-0.048538
B_perset,A_ce,aggregation + band removal,precision,higher,0.873895,0.001696,0.69187,0.018064,-0.182025,0.017686,0.00791,23.013,5/5,-0.203985,-0.160064,2e-05,True,control better,-0.173162,-0.211411,-0.164831,-0.178366,-0.182355
B_perset,A_ce,aggregation + band removal,recall,higher,0.91464,0.001923,0.969851,0.005547,0.055212,0.004042,0.001808,30.545,5/5,0.050193,0.06023,1e-05,True,arm better,0.050987,0.060992,0.051718,0.05618,0.056182
B_perset,A_ce,aggregation + band removal,bf_10cm,higher,0.61766,0.004738,0.197087,0.036014,-0.420572,0.037231,0.01665,25.259,5/5,-0.466801,-0.374344,1e-05,True,control better,-0.396351,-0.481108,-0.384791,-0.422852,-0.417761
B_perset,A_ce,aggregation + band removal,bf_20cm,higher,0.837147,0.004018,0.466045,0.049874,-0.371101,0.05049,0.02258,16.435,5/5,-0.433793,-0.30841,8e-05,True,control better,-0.341161,-0.452654,-0.319768,-0.368269,-0.373655
B_perset,A_ce,aggregation + band removal,bf_30cm,higher,0.896537,0.002844,0.662431,0.04058,-0.234107,0.041691,0.018645,12.556,5/5,-0.285872,-0.182341,0.00023,True,control better,-0.207987,-0.304337,-0.198146,-0.227638,-0.232426
