cell,cell_label,recall_anchor,n_seeds_covering,tau_star_at_anchor_mean,tau_star_at_anchor_sd,precision_at_anchor_mean,precision_at_anchor_sd,bf_10cm_at_anchor_mean,bf_10cm_at_anchor_sd,iou_free_at_anchor_mean,iou_free_at_anchor_sd
A_ce,Weighted CE (baseline),0.926802,5,0.413936,0.10635,0.865878,0.001686,0.615977,0.004836,0.808996,0.001458
A_ce,Weighted CE (baseline),0.929567,5,0.363433,0.108795,0.862036,0.001749,0.613689,0.004493,0.807745,0.001512
A_ce,Weighted CE (baseline),0.932333,5,0.317207,0.106097,0.857995,0.001968,0.610741,0.00432,0.806282,0.001735
A_ce,Weighted CE (baseline),0.935098,5,0.274065,0.102397,0.853584,0.002023,0.607494,0.00445,0.804447,0.001799
A_ce,Weighted CE (baseline),0.937864,5,0.232335,0.098686,0.849052,0.002088,0.603736,0.005137,0.802479,0.001874
B_perset,Per-set mean (no boundary term),0.926802,5,0.770633,0.078012,0.792148,0.017515,0.359231,0.059197,0.741069,0.017241
B_perset,Per-set mean (no boundary term),0.929567,5,0.751951,0.079849,0.787516,0.018243,0.353235,0.059747,0.738779,0.017919
B_perset,Per-set mean (no boundary term),0.932333,5,0.73242,0.082468,0.782794,0.018981,0.347097,0.06034,0.736387,0.018615
B_perset,Per-set mean (no boundary term),0.935098,5,0.711062,0.086373,0.777917,0.019708,0.34099,0.061066,0.733816,0.019279
B_perset,Per-set mean (no boundary term),0.937864,5,0.689587,0.090777,0.773031,0.020458,0.334894,0.06184,0.731235,0.019969
C_hard,"+ boundary term, hard target",0.926802,5,0.254281,0.030821,0.860285,0.002223,0.609131,0.006516,0.804399,0.001837
C_hard,"+ boundary term, hard target",0.929567,5,0.217023,0.031468,0.855652,0.002406,0.605957,0.007345,0.802408,0.001996
C_hard,"+ boundary term, hard target",0.932333,5,0.186202,0.030895,0.850051,0.003481,0.599761,0.008823,0.799494,0.002963
C_hard,"+ boundary term, hard target",0.935098,5,0.158109,0.031874,0.843636,0.005692,0.591277,0.015519,0.795809,0.004987
C_hard,"+ boundary term, hard target",0.937864,5,0.131861,0.037131,0.836631,0.007558,0.580836,0.021131,0.791558,0.006705
C_soft,+ soft boundary target (proposed),0.926802,5,0.42502,0.01128,0.870358,0.001349,0.601705,0.003566,0.813065,0.001114
C_soft,+ soft boundary target (proposed),0.929567,5,0.405665,0.010223,0.866458,0.001109,0.596471,0.00325,0.811779,0.000893
C_soft,+ soft boundary target (proposed),0.932333,5,0.386319,0.00891,0.86171,0.001342,0.58737,0.005595,0.809637,0.001147
C_soft,+ soft boundary target (proposed),0.935098,5,0.367094,0.007985,0.856495,0.00132,0.575763,0.005109,0.807025,0.001141
C_soft,+ soft boundary target (proposed),0.937864,5,0.347869,0.007086,0.851279,0.001317,0.56415,0.00469,0.804413,0.001153
