arm,run_name,seed,script,projection,pinhole_hfov_deg,init_checkpoint,num_epochs
source_pretrain,swscape_binary_pretrain_s0,0,configs/train_synwoodscape_binary_pretrain.sh,ds_native,,,40
source_pretrain,swscape_binary_pretrain_s1,1,configs/train_synwoodscape_binary_pretrain.sh,ds_native,,,40
source_pretrain,swscape_binary_pretrain_s2,2,configs/train_synwoodscape_binary_pretrain.sh,ds_native,,,40
source_pretrain,swscape_binary_pretrain_s3,3,configs/train_synwoodscape_binary_pretrain.sh,ds_native,,,40
source_pretrain,swscape_binary_pretrain_s4,4,configs/train_synwoodscape_binary_pretrain.sh,ds_native,,,40
source_prior,source_prior_s0,0,configs/train_robot_bev_finetune.sh,ds_native,,runs/paper_final_cumulative/02_projection_and_prior/source_pretrain/ckpt/swscape_binary_pretrain_s0/model-000000040.pth,40
source_prior,source_prior_s1,1,configs/train_robot_bev_finetune.sh,ds_native,,runs/paper_final_cumulative/02_projection_and_prior/source_pretrain/ckpt/swscape_binary_pretrain_s1/model-000000040.pth,40
source_prior,source_prior_s2,2,configs/train_robot_bev_finetune.sh,ds_native,,runs/paper_final_cumulative/02_projection_and_prior/source_pretrain/ckpt/swscape_binary_pretrain_s2/model-000000040.pth,40
source_prior,source_prior_s3,3,configs/train_robot_bev_finetune.sh,ds_native,,runs/paper_final_cumulative/02_projection_and_prior/source_pretrain/ckpt/swscape_binary_pretrain_s3/model-000000040.pth,40
source_prior,source_prior_s4,4,configs/train_robot_bev_finetune.sh,ds_native,,runs/paper_final_cumulative/02_projection_and_prior/source_pretrain/ckpt/swscape_binary_pretrain_s4/model-000000040.pth,40
pinhole120,pinhole120_s0,0,configs/train_robot_bev_finetune.sh,pinhole,120.0,none,40
pinhole120,pinhole120_s1,1,configs/train_robot_bev_finetune.sh,pinhole,120.0,none,40
pinhole120,pinhole120_s2,2,configs/train_robot_bev_finetune.sh,pinhole,120.0,none,40
pinhole120,pinhole120_s3,3,configs/train_robot_bev_finetune.sh,pinhole,120.0,none,40
pinhole120,pinhole120_s4,4,configs/train_robot_bev_finetune.sh,pinhole,120.0,none,40
pinhole150,pinhole150_s0,0,configs/train_robot_bev_finetune.sh,pinhole,150.0,none,40
pinhole150,pinhole150_s1,1,configs/train_robot_bev_finetune.sh,pinhole,150.0,none,40
pinhole150,pinhole150_s2,2,configs/train_robot_bev_finetune.sh,pinhole,150.0,none,40
pinhole150,pinhole150_s3,3,configs/train_robot_bev_finetune.sh,pinhole,150.0,none,40
pinhole150,pinhole150_s4,4,configs/train_robot_bev_finetune.sh,pinhole,150.0,none,40
