arm,control,role,metric,better_direction,control_mean,control_sd,arm_mean,arm_sd,paired_diff_mean,paired_diff_sd,paired_diff_se,abs_mean_over_se,sign_agreement,verdict,diff_seed0,diff_seed1,diff_seed2,diff_seed3,diff_seed4
C_soft,A_ce,main: proposed vs baseline,iou_free,higher,0.810748,0.001564,0.812527,0.000829,0.001779,0.001673,0.000748,2.378,4/5,pass,0.003476,-3.3e-05,0.000791,0.003643,0.001018
C_soft,A_ce,main: proposed vs baseline,fatal_rate,lower,0.126569,0.001206,0.122001,0.001209,-0.004568,0.001944,0.000869,5.255,5/5,pass,-0.003725,-0.007617,-0.004697,-0.00449,-0.002313
C_soft,A_ce,main: proposed vs baseline,free_miss_rate,lower,0.078535,0.004099,0.08148,0.001647,0.002946,0.003644,0.00163,1.807,4/5,not-decidable,-0.000721,0.008928,0.003091,0.001071,0.00236
C_soft,A_ce,main: proposed vs baseline,occupied_f1_10cm,higher,0.611638,0.006,0.599559,0.005011,-0.012079,0.006197,0.002771,4.358,5/5,pass,-0.011638,-0.012005,-0.006625,-0.022339,-0.007789
C_soft,A_ce,main: proposed vs baseline,occupied_f1_20cm,higher,0.839082,0.003125,0.832533,0.004957,-0.006549,0.004661,0.002084,3.142,5/5,pass,-0.002405,-0.008079,-0.001128,-0.012255,-0.008879
C_soft,A_ce,main: proposed vs baseline,occupied_f1_40cm,higher,0.9289,0.002184,0.927675,0.000939,-0.001225,0.002242,0.001003,1.222,4/5,not-decidable,-0.00071,-0.003476,-0.001749,-0.00254,0.002349
C_soft,A_ce,main: proposed vs baseline,range_mae,lower,0.208001,0.001957,0.213533,0.004128,0.005532,0.002569,0.001149,4.816,5/5,pass,0.003633,0.005329,0.002522,0.007525,0.008648
C_soft,A_ce,main: proposed vs baseline,range_bias,,0.054362,0.005289,0.054338,0.00327,-2.4e-05,0.005762,0.002577,0.009,4/5,not-decidable,0.0021,-0.009887,0.001157,0.005266,0.001246
C_soft,A_ce,main: proposed vs baseline,range_missed_obstacle_rate,lower,0.039263,0.001322,0.040002,0.001764,0.000739,0.001543,0.00069,1.07,3/5,not-decidable,0.002906,-0.000443,-0.000936,0.001527,0.00064
C_soft,C_hard,mechanism: soft vs hard band target (only knob),iou_free,higher,0.809835,0.001464,0.812527,0.000829,0.002692,0.001252,0.00056,4.807,5/5,pass,0.002762,0.0048,0.002281,0.002023,0.001593
C_soft,C_hard,mechanism: soft vs hard band target (only knob),fatal_rate,lower,0.122903,0.00169,0.122001,0.001209,-0.000902,0.001945,0.00087,1.037,3/5,not-decidable,0.000574,-0.004136,-0.000874,0.000666,-0.00074
C_soft,C_hard,mechanism: soft vs hard band target (only knob),free_miss_rate,lower,0.083874,0.001269,0.08148,0.001647,-0.002394,0.002037,0.000911,2.628,4/5,pass,-0.003868,-0.003435,-0.001722,-0.003836,0.000894
C_soft,C_hard,mechanism: soft vs hard band target (only knob),occupied_f1_10cm,higher,0.61714,0.005413,0.599559,0.005011,-0.017581,0.006267,0.002803,6.273,5/5,pass,-0.024394,-0.01009,-0.013243,-0.023493,-0.016684
C_soft,C_hard,mechanism: soft vs hard band target (only knob),occupied_f1_20cm,higher,0.837948,0.003488,0.832533,0.004957,-0.005415,0.004571,0.002044,2.649,5/5,pass,-0.007162,-0.00114,-0.000493,-0.006872,-0.011408
C_soft,C_hard,mechanism: soft vs hard band target (only knob),occupied_f1_40cm,higher,0.92538,0.003486,0.927675,0.000939,0.002295,0.003045,0.001362,1.685,4/5,not-decidable,0.000407,0.006075,0.005126,-0.000243,0.000107
C_soft,C_hard,mechanism: soft vs hard band target (only knob),range_mae,lower,0.209627,0.002515,0.213533,0.004128,0.003905,0.0041,0.001834,2.13,3/5,pass,-0.000643,0.005052,-0.000205,0.007414,0.00791
C_soft,C_hard,mechanism: soft vs hard band target (only knob),range_bias,,0.041578,0.005026,0.054338,0.00327,0.01276,0.002362,0.001056,12.078,5/5,pass,0.010766,0.012484,0.015138,0.010195,0.015216
C_soft,C_hard,mechanism: soft vs hard band target (only knob),range_missed_obstacle_rate,lower,0.035323,0.000752,0.040002,0.001764,0.004679,0.001788,0.0008,5.85,5/5,pass,0.007092,0.004285,0.002315,0.004088,0.005615
C_hard,A_ce,mechanism: aggregation only (both hard),iou_free,higher,0.810748,0.001564,0.809835,0.001464,-0.000913,0.002494,0.001115,0.819,3/5,not-decidable,0.000714,-0.004833,-0.00149,0.001619,-0.000575
C_hard,A_ce,mechanism: aggregation only (both hard),fatal_rate,lower,0.126569,0.001206,0.122903,0.00169,-0.003666,0.001329,0.000594,6.17,5/5,pass,-0.004299,-0.00348,-0.003823,-0.005156,-0.001573
C_hard,A_ce,mechanism: aggregation only (both hard),free_miss_rate,lower,0.078535,0.004099,0.083874,0.001269,0.005339,0.004172,0.001866,2.862,5/5,pass,0.003147,0.012363,0.004813,0.004906,0.001466
C_hard,A_ce,mechanism: aggregation only (both hard),occupied_f1_10cm,higher,0.611638,0.006,0.61714,0.005413,0.005502,0.005901,0.002639,2.085,4/5,not-decidable,0.012756,-0.001915,0.006617,0.001154,0.008896
C_hard,A_ce,mechanism: aggregation only (both hard),occupied_f1_20cm,higher,0.839082,0.003125,0.837948,0.003488,-0.001134,0.005003,0.002237,0.507,3/5,not-decidable,0.004758,-0.006939,-0.000635,-0.005383,0.002529
C_hard,A_ce,mechanism: aggregation only (both hard),occupied_f1_40cm,higher,0.9289,0.002184,0.92538,0.003486,-0.00352,0.004693,0.002099,1.677,4/5,not-decidable,-0.001118,-0.009551,-0.006875,-0.002297,0.002241
C_hard,A_ce,mechanism: aggregation only (both hard),range_mae,lower,0.208001,0.001957,0.209627,0.002515,0.001626,0.001812,0.00081,2.006,5/5,not-decidable,0.004276,0.000277,0.002728,0.000111,0.000738
C_hard,A_ce,mechanism: aggregation only (both hard),range_bias,,0.054362,0.005289,0.041578,0.005026,-0.012783,0.006584,0.002945,4.341,5/5,pass,-0.008667,-0.022371,-0.013981,-0.004928,-0.013971
C_hard,A_ce,mechanism: aggregation only (both hard),range_missed_obstacle_rate,lower,0.039263,0.001322,0.035323,0.000752,-0.00394,0.001016,0.000454,8.672,5/5,pass,-0.004186,-0.004728,-0.003251,-0.002561,-0.004974
B_perset,A_ce,aggregation + band removal,iou_free,higher,0.810748,0.001564,0.674409,0.012206,-0.136339,0.013496,0.006035,22.59,5/5,pass,-0.119586,-0.156424,-0.139,-0.136459,-0.130228
B_perset,A_ce,aggregation + band removal,fatal_rate,lower,0.126569,0.001206,0.278057,0.015852,0.151488,0.015225,0.006809,22.249,5/5,pass,0.131615,0.173621,0.154564,0.151877,0.145763
B_perset,A_ce,aggregation + band removal,free_miss_rate,lower,0.078535,0.004099,0.042147,0.007108,-0.036388,0.004186,0.001872,19.436,5/5,pass,-0.029451,-0.039818,-0.039575,-0.036485,-0.03661
B_perset,A_ce,aggregation + band removal,occupied_f1_10cm,higher,0.611638,0.006,0.212013,0.036198,-0.399626,0.038421,0.017182,23.258,5/5,pass,-0.355867,-0.456949,-0.410116,-0.399938,-0.375259
B_perset,A_ce,aggregation + band removal,occupied_f1_20cm,higher,0.839082,0.003125,0.483708,0.048927,-0.355373,0.050493,0.022581,15.738,5/5,pass,-0.292964,-0.430312,-0.362482,-0.360454,-0.330655
B_perset,A_ce,aggregation + band removal,occupied_f1_40cm,higher,0.9289,0.002184,0.827685,0.008941,-0.101215,0.010096,0.004515,22.418,5/5,pass,-0.093263,-0.117595,-0.101434,-0.101291,-0.092491
B_perset,A_ce,aggregation + band removal,range_mae,lower,0.208001,0.001957,0.38931,0.026342,0.181309,0.027316,0.012216,14.842,5/5,pass,0.148397,0.221697,0.187244,0.183118,0.166087
B_perset,A_ce,aggregation + band removal,range_bias,,0.054362,0.005289,0.314543,0.041066,0.260182,0.039005,0.017443,14.916,5/5,pass,0.209412,0.315118,0.275544,0.256037,0.244798
B_perset,A_ce,aggregation + band removal,range_missed_obstacle_rate,lower,0.039263,0.001322,0.104275,0.006933,0.065012,0.006461,0.00289,22.498,5/5,pass,0.056147,0.071956,0.070725,0.063534,0.062697
D_range,C_soft,appendix: auxiliary ray term (arc_huber),iou_free,higher,0.812527,0.000829,0.812009,0.000501,-0.000518,0.000842,0.000376,1.376,4/5,not-decidable,-0.001007,-7.4e-05,-0.000433,-0.001631,0.000555
D_range,C_soft,appendix: auxiliary ray term (arc_huber),fatal_rate,lower,0.122001,0.001209,0.120517,0.000925,-0.001484,0.001301,0.000582,2.552,4/5,pass,-0.001784,0.000575,-0.001404,-0.001795,-0.003013
D_range,C_soft,appendix: auxiliary ray term (arc_huber),free_miss_rate,lower,0.08148,0.001647,0.084126,0.001913,0.002646,0.001571,0.000702,3.767,5/5,pass,0.004399,0.00074,0.002984,0.003784,0.001322
D_range,C_soft,appendix: auxiliary ray term (arc_huber),occupied_f1_10cm,higher,0.599559,0.005011,0.600308,0.005586,0.000748,0.005888,0.002633,0.284,3/5,not-decidable,-0.006886,0.001363,-0.002994,0.004118,0.008141
D_range,C_soft,appendix: auxiliary ray term (arc_huber),occupied_f1_20cm,higher,0.832533,0.004957,0.833019,0.003192,0.000487,0.0028,0.001252,0.389,3/5,not-decidable,-0.002386,-0.002153,0.000932,0.001772,0.004267
D_range,C_soft,appendix: auxiliary ray term (arc_huber),occupied_f1_40cm,higher,0.927675,0.000939,0.929508,0.001842,0.001834,0.001066,0.000477,3.847,5/5,pass,0.003275,0.000512,0.002182,0.002095,0.001105
D_range,C_soft,appendix: auxiliary ray term (arc_huber),range_mae,lower,0.213533,0.004128,0.211539,0.003137,-0.001994,0.004504,0.002014,0.99,4/5,not-decidable,0.004343,-0.002501,-0.00144,-0.00202,-0.008352
D_range,C_soft,appendix: auxiliary ray term (arc_huber),range_bias,,0.054338,0.00327,0.051004,0.002977,-0.003334,0.004457,0.001993,1.673,4/5,not-decidable,-0.007955,0.002582,-0.001287,-0.007589,-0.002423
D_range,C_soft,appendix: auxiliary ray term (arc_huber),range_missed_obstacle_rate,lower,0.040002,0.001764,0.037805,0.000907,-0.002197,0.00152,0.00068,3.231,4/5,pass,-0.002167,-0.003004,0.000394,-0.002758,-0.003448
E_cumulative,C_soft,appendix: auxiliary ray term (cumulative),iou_free,higher,0.812527,0.000829,0.813958,0.001664,0.001431,0.001751,0.000783,1.828,4/5,not-decidable,0.000861,0.001068,-0.001028,0.003108,0.003146
E_cumulative,C_soft,appendix: auxiliary ray term (cumulative),fatal_rate,lower,0.122001,0.001209,0.118687,0.002545,-0.003314,0.002259,0.00101,3.28,4/5,pass,-0.002832,-0.004613,0.000298,-0.005589,-0.003833
E_cumulative,C_soft,appendix: auxiliary ray term (cumulative),free_miss_rate,lower,0.08148,0.001647,0.083605,0.001806,0.002124,0.002711,0.001212,1.753,4/5,not-decidable,0.003109,0.005051,0.003105,0.001541,-0.002183
E_cumulative,C_soft,appendix: auxiliary ray term (cumulative),occupied_f1_10cm,higher,0.599559,0.005011,0.605795,0.005156,0.006236,0.007582,0.003391,1.839,4/5,not-decidable,0.008598,0.000706,-0.002037,0.017428,0.006485
E_cumulative,C_soft,appendix: auxiliary ray term (cumulative),occupied_f1_20cm,higher,0.832533,0.004957,0.833931,0.003973,0.001398,0.005185,0.002319,0.603,3/5,not-decidable,0.001702,-0.00513,-0.002353,0.007089,0.005683
E_cumulative,C_soft,appendix: auxiliary ray term (cumulative),occupied_f1_40cm,higher,0.927675,0.000939,0.927344,0.000812,-0.000331,0.000863,0.000386,0.857,3/5,not-decidable,-0.001215,-0.00099,-0.000532,0.000854,0.000231
E_cumulative,C_soft,appendix: auxiliary ray term (cumulative),range_mae,lower,0.213533,0.004128,0.208282,0.000697,-0.005251,0.003783,0.001692,3.104,5/5,pass,-0.002546,-0.004164,-0.001867,-0.006435,-0.011242
E_cumulative,C_soft,appendix: auxiliary ray term (cumulative),range_bias,,0.054338,0.00327,0.049178,0.004548,-0.00516,0.003068,0.001372,3.761,5/5,pass,-0.005454,-0.010251,-0.002542,-0.004471,-0.003082
E_cumulative,C_soft,appendix: auxiliary ray term (cumulative),range_missed_obstacle_rate,lower,0.040002,0.001764,0.038761,0.001139,-0.001241,0.001058,0.000473,2.624,4/5,not-decidable,-0.001822,-0.00197,0.000443,-0.002019,-0.000837
E_cumulative,D_range,appendix: auxiliary term form,iou_free,higher,0.812009,0.000501,0.813958,0.001664,0.001949,0.001958,0.000876,2.226,4/5,pass,0.001868,0.001142,-0.000595,0.00474,0.002592
E_cumulative,D_range,appendix: auxiliary term form,fatal_rate,lower,0.120517,0.000925,0.118687,0.002545,-0.00183,0.002704,0.001209,1.513,4/5,not-decidable,-0.001048,-0.005188,0.001702,-0.003794,-0.00082
E_cumulative,D_range,appendix: auxiliary term form,free_miss_rate,lower,0.084126,0.001913,0.083605,0.001806,-0.000521,0.003009,0.001346,0.387,3/5,not-decidable,-0.001289,0.00431,0.000121,-0.002244,-0.003505
E_cumulative,D_range,appendix: auxiliary term form,occupied_f1_10cm,higher,0.600308,0.005586,0.605795,0.005156,0.005488,0.008222,0.003677,1.492,3/5,not-decidable,0.015483,-0.000657,0.000956,0.01331,-0.001656
E_cumulative,D_range,appendix: auxiliary term form,occupied_f1_20cm,higher,0.833019,0.003192,0.833931,0.003973,0.000912,0.003953,0.001768,0.516,3/5,not-decidable,0.004088,-0.002978,-0.003285,0.005317,0.001416
E_cumulative,D_range,appendix: auxiliary term form,occupied_f1_40cm,higher,0.929508,0.001842,0.927344,0.000812,-0.002164,0.001472,0.000658,3.288,5/5,pass,-0.00449,-0.001502,-0.002713,-0.001241,-0.000874
E_cumulative,D_range,appendix: auxiliary term form,range_mae,lower,0.211539,0.003137,0.208282,0.000697,-0.003257,0.002511,0.001123,2.9,5/5,pass,-0.006889,-0.001663,-0.000427,-0.004415,-0.00289
E_cumulative,D_range,appendix: auxiliary term form,range_bias,,0.051004,0.002977,0.049178,0.004548,-0.001826,0.006442,0.002881,0.634,3/5,not-decidable,0.002501,-0.012833,-0.001256,0.003118,-0.000659
E_cumulative,D_range,appendix: auxiliary term form,range_missed_obstacle_rate,lower,0.037805,0.000907,0.038761,0.001139,0.000955,0.000998,0.000446,2.14,5/5,pass,0.000345,0.001034,4.9e-05,0.000739,0.00261
