run,config,d_iou_free,d_iou_non_free,d_precision,d_recall,d_bf_10cm,d_bf_20cm,d_bf_30cm,decision_flip_rate_vs_server_fp32
final_s0,trt_fp16,3.6e-05,8e-06,3.6e-05,6e-06,-0.000525,0.000276,7.1e-05,0.00012593
final_s1,trt_fp16,-1.9e-05,-8e-06,-2.2e-05,0.0,0.000229,7.9e-05,-0.000275,0.0001213
final_s2,trt_fp16,9e-06,1.2e-05,1.5e-05,-7e-06,0.001132,0.000553,0.000169,0.00012685
final_s3,trt_fp16,3.1e-05,1.2e-05,1.4e-05,2e-05,-0.000177,9.2e-05,-0.000165,0.00015
final_s4,trt_fp16,-2.3e-05,-1.8e-05,-1.3e-05,-1.8e-05,-0.00103,-0.000227,-0.000135,0.00014074
final_s0,trt_int8,-0.011472,-0.005071,-0.01736,0.004869,-0.030565,-0.022026,-0.014752,0.01045926
final_s1,trt_int8,-0.003013,-0.001401,-0.004391,0.001179,-0.008828,-0.005489,-0.002503,0.00441667
final_s2,trt_int8,-0.007214,-0.002958,-0.01048,0.002735,-0.01904,-0.01451,-0.011784,0.00696759
final_s3,trt_int8,-0.003836,-0.001527,-0.004878,0.00062,-0.002727,-0.007199,-0.005085,0.00471296
final_s4,trt_int8,-0.002088,-0.000959,-0.003404,0.001228,-1e-05,-0.003668,-0.004936,0.00468148
