run,seed_index,config,iou_free,iou_non_free,precision,recall,bf_10cm,bf_20cm,bf_30cm,end_to_end_ms,encoder_ms,bev_stage_ms,end_to_end_p99_ms,fps,encoder_share,decision_flip_rate_vs_server_fp32
final_s0,0,pytorch_fp32,0.815384,0.945395,0.882197,0.916613,0.619662,0.843656,0.905452,67.4995,55.1795,12.3678,67.9756,14.8149,0.8175,1.204e-05
final_s0,0,trt_fp16,0.81542,0.945404,0.882234,0.91662,0.619137,0.843932,0.905523,23.6434,11.2467,12.3712,23.7553,42.295,0.4757,0.00012593
final_s0,0,trt_int8,0.803912,0.940324,0.864837,0.921483,0.589096,0.82163,0.8907,18.6182,6.2325,12.3736,18.7213,53.7108,0.3348,0.01045926
final_s1,1,pytorch_fp32,0.815965,0.946078,0.881991,0.917828,0.615187,0.8398,0.905291,67.4859,55.19,12.3768,67.9612,14.8179,0.8178,1.481e-05
final_s1,1,trt_fp16,0.815946,0.946069,0.88197,0.917829,0.615416,0.839879,0.905016,23.5831,11.1948,12.3767,23.6863,42.4033,0.4747,0.0001213
final_s1,1,trt_int8,0.812952,0.944677,0.8776,0.919007,0.606359,0.834311,0.902789,18.5978,6.2157,12.3751,18.6864,53.7699,0.3342,0.00441667
final_s2,2,pytorch_fp32,0.81544,0.944741,0.882684,0.916327,0.615624,0.839446,0.905511,67.4887,55.1976,12.3774,68.0561,14.8173,0.8179,1.481e-05
final_s2,2,trt_fp16,0.815449,0.944753,0.882699,0.91632,0.616756,0.839999,0.90568,23.5938,11.1952,12.3768,23.6911,42.384,0.4745,0.00012685
final_s2,2,trt_int8,0.808226,0.941783,0.872204,0.919062,0.596584,0.824935,0.893728,18.6244,6.2239,12.3785,18.7055,53.6931,0.3342,0.00696759
final_s3,3,pytorch_fp32,0.815911,0.945599,0.883249,0.916152,0.611519,0.841318,0.904051,67.4751,55.2003,12.3727,68.0812,14.8203,0.8181,1.481e-05
final_s3,3,trt_fp16,0.815942,0.945611,0.883263,0.916172,0.611342,0.84141,0.903886,23.6633,11.2788,12.3714,23.7742,42.2596,0.4766,0.00015
final_s3,3,trt_int8,0.812075,0.944072,0.87837,0.916772,0.608792,0.834119,0.898966,18.6348,6.2465,12.3721,18.7284,53.663,0.3352,0.00471296
final_s4,4,pytorch_fp32,0.816249,0.945358,0.882665,0.917126,0.608814,0.833108,0.898369,67.4868,55.2048,12.3708,68.1115,14.8177,0.818,2.407e-05
final_s4,4,trt_fp16,0.816227,0.945341,0.882652,0.917108,0.607784,0.83288,0.898233,23.589,11.2149,12.3701,24.2924,42.3927,0.4754,0.00014074
final_s4,4,trt_int8,0.814161,0.944399,0.879261,0.918354,0.608803,0.82944,0.893432,18.5981,6.2212,12.3682,18.6856,53.7689,0.3345,0.00468148
