metric,better_direction,C_soft_mean,C_soft_sd,D_range_mean,D_range_sd,D_range_minus_C_soft,D_range_abs_mean_over_se,D_range_sign_agreement,E_cumulative_mean,E_cumulative_sd,E_cumulative_minus_C_soft,E_cumulative_abs_mean_over_se,E_cumulative_sign_agreement
iou_free,higher,0.812527,0.000829,0.812009,0.000501,-0.000518,1.376,4/5,0.813958,0.001664,0.001431,1.828,4/5
fatal_rate,lower,0.122001,0.001209,0.120517,0.000925,-0.001484,2.552,4/5,0.118687,0.002545,-0.003314,3.28,4/5
free_miss_rate,lower,0.08148,0.001647,0.084126,0.001913,0.002646,3.767,5/5,0.083605,0.001806,0.002124,1.753,4/5
occupied_f1_10cm,higher,0.599559,0.005011,0.600308,0.005586,0.000748,0.284,3/5,0.605795,0.005156,0.006236,1.839,4/5
occupied_f1_20cm,higher,0.832533,0.004957,0.833019,0.003192,0.000487,0.389,3/5,0.833931,0.003973,0.001398,0.603,3/5
occupied_f1_40cm,higher,0.927675,0.000939,0.929508,0.001842,0.001834,3.847,5/5,0.927344,0.000812,-0.000331,0.857,3/5
range_mae,lower,0.213533,0.004128,0.211539,0.003137,-0.001994,0.99,4/5,0.208282,0.000697,-0.005251,3.104,5/5
range_bias,,0.054338,0.00327,0.051004,0.002977,-0.003334,1.673,4/5,0.049178,0.004548,-0.00516,3.761,5/5
range_missed_obstacle_rate,lower,0.040002,0.001764,0.037805,0.000907,-0.002197,3.231,4/5,0.038761,0.001139,-0.001241,2.624,4/5
