cell,cell_label,seed,tau,free_miss,fatal,iou_free,missed_obstacle
A_ce,Weighted CE (baseline),0,0.1,0.04005,0.190976,0.782042,0.0691
A_ce,Weighted CE (baseline),1,0.1,0.041391,0.189616,0.777475,0.059496
A_ce,Weighted CE (baseline),2,0.1,0.054182,0.1671,0.794437,0.054177
A_ce,Weighted CE (baseline),3,0.1,0.049765,0.178022,0.787005,0.056048
A_ce,Weighted CE (baseline),4,0.1,0.053466,0.168368,0.793889,0.059052
A_ce,Weighted CE (baseline),0,0.2,0.051231,0.165589,0.797246,0.057279
A_ce,Weighted CE (baseline),1,0.2,0.053452,0.158029,0.799584,0.052157
A_ce,Weighted CE (baseline),2,0.2,0.063441,0.148709,0.803997,0.047281
A_ce,Weighted CE (baseline),3,0.2,0.059964,0.156258,0.799507,0.04802
A_ce,Weighted CE (baseline),4,0.2,0.064162,0.148626,0.80354,0.050877
A_ce,Weighted CE (baseline),0,0.3,0.058223,0.152209,0.803803,0.050433
A_ce,Weighted CE (baseline),1,0.3,0.06029,0.14553,0.80564,0.047232
A_ce,Weighted CE (baseline),2,0.3,0.069315,0.139085,0.808155,0.043932
A_ce,Weighted CE (baseline),3,0.3,0.066467,0.145049,0.804138,0.043637
A_ce,Weighted CE (baseline),4,0.3,0.071098,0.138058,0.807245,0.046986
A_ce,Weighted CE (baseline),0,0.4,0.064288,0.142176,0.808224,0.046838
A_ce,Weighted CE (baseline),1,0.4,0.065317,0.136535,0.809741,0.043981
A_ce,Weighted CE (baseline),2,0.4,0.074329,0.131925,0.810736,0.04078
A_ce,Weighted CE (baseline),3,0.4,0.071643,0.136572,0.807672,0.040879
A_ce,Weighted CE (baseline),4,0.4,0.076707,0.13031,0.80965,0.044228
A_ce,Weighted CE (baseline),0,0.45,0.067267,0.137955,0.80966,0.045459
A_ce,Weighted CE (baseline),1,0.45,0.067788,0.132765,0.811254,0.042356
A_ce,Weighted CE (baseline),2,0.45,0.076921,0.128915,0.811437,0.039155
A_ce,Weighted CE (baseline),3,0.45,0.074152,0.132763,0.809055,0.039647
A_ce,Weighted CE (baseline),4,0.45,0.079295,0.126714,0.810751,0.043144
A_ce,Weighted CE (baseline),0,0.5,0.070214,0.133949,0.810991,0.043686
A_ce,Weighted CE (baseline),1,0.5,0.070107,0.12927,0.812486,0.04147
A_ce,Weighted CE (baseline),2,0.5,0.079207,0.12585,0.812333,0.037973
A_ce,Weighted CE (baseline),3,0.5,0.076433,0.129273,0.810252,0.038465
A_ce,Weighted CE (baseline),4,0.5,0.081795,0.123454,0.811619,0.041519
A_ce,Weighted CE (baseline),0,0.55,0.07336,0.13014,0.811974,0.042208
A_ce,Weighted CE (baseline),1,0.55,0.072508,0.125853,0.813641,0.040091
A_ce,Weighted CE (baseline),2,0.55,0.08173,0.123084,0.81285,0.036939
A_ce,Weighted CE (baseline),3,0.55,0.079044,0.126008,0.811014,0.037874
A_ce,Weighted CE (baseline),4,0.55,0.084639,0.120297,0.812024,0.039746
A_ce,Weighted CE (baseline),0,0.6,0.076572,0.126229,0.813003,0.040435
A_ce,Weighted CE (baseline),1,0.6,0.075115,0.122423,0.814663,0.038564
A_ce,Weighted CE (baseline),2,0.6,0.083941,0.120338,0.813554,0.0362
A_ce,Weighted CE (baseline),3,0.6,0.081814,0.122793,0.811786,0.036446
A_ce,Weighted CE (baseline),4,0.6,0.087334,0.116974,0.812747,0.038071
A_ce,Weighted CE (baseline),0,0.7,0.083675,0.117824,0.814872,0.036348
A_ce,Weighted CE (baseline),1,0.7,0.080822,0.115026,0.81681,0.035806
A_ce,Weighted CE (baseline),2,0.7,0.089568,0.114478,0.81426,0.033343
A_ce,Weighted CE (baseline),3,0.7,0.087949,0.116466,0.81263,0.034476
A_ce,Weighted CE (baseline),4,0.7,0.093516,0.110285,0.813525,0.034624
A_ce,Weighted CE (baseline),0,0.8,0.093348,0.108679,0.815239,0.033097
A_ce,Weighted CE (baseline),1,0.8,0.088642,0.106917,0.817961,0.031915
A_ce,Weighted CE (baseline),2,0.8,0.097049,0.107785,0.814117,0.031472
A_ce,Weighted CE (baseline),3,0.8,0.09602,0.10912,0.812956,0.031767
A_ce,Weighted CE (baseline),4,0.8,0.101564,0.102683,0.813616,0.032112
A_ce,Weighted CE (baseline),0,0.9,0.110483,0.09459,0.813985,0.026842
A_ce,Weighted CE (baseline),1,0.9,0.102006,0.096018,0.817474,0.028073
A_ce,Weighted CE (baseline),2,0.9,0.109649,0.098364,0.812502,0.028517
A_ce,Weighted CE (baseline),3,0.9,0.10924,0.098336,0.812226,0.02763
A_ce,Weighted CE (baseline),4,0.9,0.115761,0.091943,0.811438,0.027236
B_perset,Per-set mean (no boundary term),0,0.1,0.010557,0.42889,0.541414,0.15918
B_perset,Per-set mean (no boundary term),1,0.1,0.00674,0.467372,0.506624,0.140465
B_perset,Per-set mean (no boundary term),2,0.1,0.008137,0.569758,0.428746,0.103625
B_perset,Per-set mean (no boundary term),3,0.1,0.007182,0.516789,0.467374,0.148591
B_perset,Per-set mean (no boundary term),4,0.1,0.010902,0.41558,0.554148,0.138987
B_perset,Per-set mean (no boundary term),0,0.2,0.023093,0.337022,0.626807,0.154206
B_perset,Per-set mean (no boundary term),1,0.2,0.012899,0.385872,0.581659,0.148591
B_perset,Per-set mean (no boundary term),2,0.2,0.019262,0.388544,0.578484,0.146474
B_perset,Per-set mean (no boundary term),3,0.2,0.019229,0.369932,0.59685,0.165238
B_perset,Per-set mean (no boundary term),4,0.2,0.022134,0.342338,0.621918,0.135195
B_perset,Per-set mean (no boundary term),0,0.3,0.035149,0.29042,0.668557,0.135688
B_perset,Per-set mean (no boundary term),1,0.3,0.01901,0.353867,0.6106,0.161889
B_perset,Per-set mean (no boundary term),2,0.3,0.030168,0.324908,0.637827,0.160904
B_perset,Per-set mean (no boundary term),3,0.3,0.031281,0.31836,0.643004,0.13879
B_perset,Per-set mean (no boundary term),4,0.3,0.031983,0.303903,0.655743,0.138446
B_perset,Per-set mean (no boundary term),0,0.4,0.047172,0.25732,0.696476,0.11845
B_perset,Per-set mean (no boundary term),1,0.4,0.025932,0.325173,0.635908,0.138002
B_perset,Per-set mean (no boundary term),2,0.4,0.0418,0.285146,0.672525,0.151399
B_perset,Per-set mean (no boundary term),3,0.4,0.042736,0.282633,0.673459,0.117612
B_perset,Per-set mean (no boundary term),4,0.4,0.040748,0.276042,0.679289,0.122143
B_perset,Per-set mean (no boundary term),0,0.45,0.053196,0.244179,0.706875,0.112195
B_perset,Per-set mean (no boundary term),1,0.45,0.030196,0.308623,0.65055,0.126872
B_perset,Per-set mean (no boundary term),2,0.45,0.047917,0.269611,0.685133,0.141745
B_perset,Per-set mean (no boundary term),3,0.45,0.04869,0.267591,0.685718,0.108304
B_perset,Per-set mean (no boundary term),4,0.45,0.045068,0.263758,0.689498,0.11382
B_perset,Per-set mean (no boundary term),0,0.5,0.059042,0.23263,0.715505,0.104856
B_perset,Per-set mean (no boundary term),1,0.5,0.035423,0.29068,0.665812,0.117415
B_perset,Per-set mean (no boundary term),2,0.5,0.054187,0.255653,0.695913,0.132092
B_perset,Per-set mean (no boundary term),3,0.5,0.054476,0.254438,0.696087,0.100965
B_perset,Per-set mean (no boundary term),4,0.5,0.049681,0.252249,0.698695,0.107319
B_perset,Per-set mean (no boundary term),0,0.55,0.065117,0.22211,0.722998,0.098257
B_perset,Per-set mean (no boundary term),1,0.55,0.041307,0.274517,0.678763,0.107171
B_perset,Per-set mean (no boundary term),2,0.55,0.060504,0.242819,0.705412,0.122784
B_perset,Per-set mean (no boundary term),3,0.55,0.060015,0.242484,0.705249,0.093085
B_perset,Per-set mean (no boundary term),4,0.55,0.054038,0.241614,0.707046,0.102147
B_perset,Per-set mean (no boundary term),0,0.6,0.071494,0.212066,0.729594,0.092149
B_perset,Per-set mean (no boundary term),1,0.6,0.046688,0.260231,0.690073,0.09998
B_perset,Per-set mean (no boundary term),2,0.6,0.067449,0.230645,0.713751,0.113524
B_perset,Per-set mean (no boundary term),3,0.6,0.066122,0.23111,0.713512,0.083333
B_perset,Per-set mean (no boundary term),4,0.6,0.058698,0.231155,0.715175,0.097173
B_perset,Per-set mean (no boundary term),0,0.7,0.085249,0.192077,0.741821,0.077128
B_perset,Per-set mean (no boundary term),1,0.7,0.057808,0.235628,0.708528,0.087175
B_perset,Per-set mean (no boundary term),2,0.7,0.083238,0.207169,0.72837,0.093036
B_perset,Per-set mean (no boundary term),3,0.7,0.079398,0.210011,0.727413,0.069888
B_perset,Per-set mean (no boundary term),4,0.7,0.069548,0.210165,0.730517,0.086091
B_perset,Per-set mean (no boundary term),0,0.8,0.104985,0.170233,0.751223,0.061219
B_perset,Per-set mean (no boundary term),1,0.8,0.071801,0.209636,0.726837,0.072744
B_perset,Per-set mean (no boundary term),2,0.8,0.105777,0.183042,0.739298,0.07437
B_perset,Per-set mean (no boundary term),3,0.8,0.097952,0.186787,0.73949,0.057378
B_perset,Per-set mean (no boundary term),4,0.8,0.084853,0.186873,0.744854,0.072006
B_perset,Per-set mean (no boundary term),0,0.9,0.143872,0.139635,0.755837,0.041174
B_perset,Per-set mean (no boundary term),1,0.9,0.097081,0.175663,0.746099,0.054423
B_perset,Per-set mean (no boundary term),2,0.9,0.145645,0.151252,0.745903,0.050532
B_perset,Per-set mean (no boundary term),3,0.9,0.132137,0.155227,0.7494,0.038909
B_perset,Per-set mean (no boundary term),4,0.9,0.115184,0.155534,0.757738,0.052797
C_hard,"+ boundary term, hard target",0,0.1,0.048587,0.181702,0.785866,0.062106
C_hard,"+ boundary term, hard target",1,0.1,0.054829,0.190283,0.764428,0.04408
C_hard,"+ boundary term, hard target",2,0.1,0.05711,0.169287,0.788373,0.045607
C_hard,"+ boundary term, hard target",3,0.1,0.056096,0.171062,0.787317,0.04605
C_hard,"+ boundary term, hard target",4,0.1,0.053102,0.177983,0.784694,0.051615
C_hard,"+ boundary term, hard target",0,0.2,0.059759,0.156627,0.800138,0.050975
C_hard,"+ boundary term, hard target",1,0.2,0.066252,0.152079,0.79749,0.046198
C_hard,"+ boundary term, hard target",2,0.2,0.066941,0.145629,0.80379,0.042356
C_hard,"+ boundary term, hard target",3,0.2,0.065768,0.147144,0.803324,0.044868
C_hard,"+ boundary term, hard target",4,0.2,0.064255,0.150832,0.801704,0.050335
C_hard,"+ boundary term, hard target",0,0.3,0.067356,0.143131,0.805753,0.045311
C_hard,"+ boundary term, hard target",1,0.3,0.073961,0.13881,0.803326,0.039943
C_hard,"+ boundary term, hard target",2,0.3,0.073765,0.134202,0.808439,0.038958
C_hard,"+ boundary term, hard target",3,0.3,0.072406,0.136381,0.807939,0.041076
C_hard,"+ boundary term, hard target",4,0.3,0.071955,0.137284,0.807333,0.045164
C_hard,"+ boundary term, hard target",0,0.4,0.073691,0.133314,0.809296,0.041568
C_hard,"+ boundary term, hard target",1,0.4,0.080059,0.129229,0.806989,0.036692
C_hard,"+ boundary term, hard target",2,0.4,0.079365,0.125687,0.811467,0.036101
C_hard,"+ boundary term, hard target",3,0.4,0.077908,0.128668,0.810452,0.038219
C_hard,"+ boundary term, hard target",4,0.4,0.07855,0.127675,0.810052,0.04078
C_hard,"+ boundary term, hard target",0,0.45,0.07687,0.128737,0.810664,0.039549
C_hard,"+ boundary term, hard target",1,0.45,0.083014,0.12517,0.808322,0.035362
C_hard,"+ boundary term, hard target",2,0.45,0.082316,0.122313,0.811958,0.034968
C_hard,"+ boundary term, hard target",3,0.45,0.080594,0.125223,0.811451,0.0362
C_hard,"+ boundary term, hard target",4,0.45,0.081548,0.123646,0.811043,0.039007
C_hard,"+ boundary term, hard target",0,0.5,0.080059,0.124481,0.811798,0.03753
C_hard,"+ boundary term, hard target",1,0.5,0.08597,0.121388,0.809337,0.034033
C_hard,"+ boundary term, hard target",2,0.5,0.085105,0.119007,0.81266,0.034279
C_hard,"+ boundary term, hard target",3,0.5,0.08341,0.122113,0.812097,0.035559
C_hard,"+ boundary term, hard target",4,0.5,0.084611,0.11994,0.811807,0.036643
C_hard,"+ boundary term, hard target",0,0.55,0.083201,0.120457,0.812818,0.036495
C_hard,"+ boundary term, hard target",1,0.55,0.088894,0.117911,0.81015,0.033195
C_hard,"+ boundary term, hard target",2,0.55,0.088032,0.115826,0.81309,0.033491
C_hard,"+ boundary term, hard target",3,0.55,0.086115,0.118786,0.812788,0.035067
C_hard,"+ boundary term, hard target",4,0.55,0.087814,0.116172,0.812516,0.034624
C_hard,"+ boundary term, hard target",0,0.6,0.086343,0.116409,0.813607,0.034771
C_hard,"+ boundary term, hard target",1,0.6,0.09218,0.114427,0.810603,0.032112
C_hard,"+ boundary term, hard target",2,0.6,0.091002,0.112682,0.8134,0.032309
C_hard,"+ boundary term, hard target",3,0.6,0.088963,0.115731,0.813227,0.034131
C_hard,"+ boundary term, hard target",4,0.6,0.091393,0.112657,0.812651,0.033786
C_hard,"+ boundary term, hard target",0,0.7,0.093981,0.108301,0.814489,0.031718
C_hard,"+ boundary term, hard target",1,0.7,0.099269,0.107503,0.810922,0.029945
C_hard,"+ boundary term, hard target",2,0.7,0.097496,0.106134,0.813634,0.029994
C_hard,"+ boundary term, hard target",3,0.7,0.095108,0.109202,0.813947,0.031521
C_hard,"+ boundary term, hard target",4,0.7,0.099246,0.105186,0.812902,0.030881
C_hard,"+ boundary term, hard target",0,0.8,0.104962,0.098842,0.814218,0.02763
C_hard,"+ boundary term, hard target",1,0.8,0.108318,0.099075,0.811113,0.026005
C_hard,"+ boundary term, hard target",2,0.8,0.106652,0.09904,0.812592,0.026743
C_hard,"+ boundary term, hard target",3,0.8,0.103775,0.101491,0.813659,0.029255
C_hard,"+ boundary term, hard target",4,0.8,0.108984,0.096629,0.812426,0.02699
C_hard,"+ boundary term, hard target",0,0.9,0.125043,0.085426,0.810209,0.020932
C_hard,"+ boundary term, hard target",1,0.9,0.123963,0.087949,0.808723,0.021129
C_hard,"+ boundary term, hard target",2,0.9,0.122488,0.087973,0.809766,0.02172
C_hard,"+ boundary term, hard target",3,0.9,0.118522,0.09084,0.811454,0.025266
C_hard,"+ boundary term, hard target",4,0.9,0.127352,0.083822,0.808768,0.022656
C_soft,+ soft boundary target (proposed),0,0.1,0.021789,0.255419,0.721166,0.096336
C_soft,+ soft boundary target (proposed),1,0.1,0.021687,0.26894,0.703904,0.088554
C_soft,+ soft boundary target (proposed),2,0.1,0.020579,0.269854,0.709593,0.100374
C_soft,+ soft boundary target (proposed),3,0.1,0.021808,0.264188,0.712371,0.086387
C_soft,+ soft boundary target (proposed),4,0.1,0.024135,0.254153,0.721849,0.092248
C_soft,+ soft boundary target (proposed),0,0.2,0.038528,0.200758,0.767568,0.070774
C_soft,+ soft boundary target (proposed),1,0.2,0.038658,0.203649,0.761197,0.070282
C_soft,+ soft boundary target (proposed),2,0.2,0.037146,0.207511,0.764545,0.070134
C_soft,+ soft boundary target (proposed),3,0.2,0.038119,0.206518,0.76208,0.06905
C_soft,+ soft boundary target (proposed),4,0.2,0.040134,0.20005,0.768232,0.068459
C_soft,+ soft boundary target (proposed),0,0.3,0.052404,0.16657,0.792448,0.057082
C_soft,+ soft boundary target (proposed),1,0.3,0.053307,0.165468,0.790615,0.055506
C_soft,+ soft boundary target (proposed),2,0.3,0.051464,0.17042,0.792578,0.055605
C_soft,+ soft boundary target (proposed),3,0.3,0.052632,0.168995,0.790523,0.055359
C_soft,+ soft boundary target (proposed),4,0.3,0.053996,0.167568,0.791863,0.057082
C_soft,+ soft boundary target (proposed),0,0.4,0.066304,0.141059,0.8068,0.047183
C_soft,+ soft boundary target (proposed),1,0.4,0.066676,0.14005,0.805685,0.047232
C_soft,+ soft boundary target (proposed),2,0.4,0.065633,0.143219,0.8076,0.045755
C_soft,+ soft boundary target (proposed),3,0.4,0.067262,0.141485,0.806607,0.046641
C_soft,+ soft boundary target (proposed),4,0.4,0.067933,0.142679,0.805983,0.047872
C_soft,+ soft boundary target (proposed),0,0.45,0.073202,0.130858,0.810627,0.044375
C_soft,+ soft boundary target (proposed),1,0.45,0.073277,0.129955,0.809849,0.043587
C_soft,+ soft boundary target (proposed),2,0.45,0.073477,0.132025,0.811169,0.041568
C_soft,+ soft boundary target (proposed),3,0.45,0.074389,0.130996,0.810718,0.043341
C_soft,+ soft boundary target (proposed),4,0.45,0.075506,0.132462,0.809438,0.043981
C_soft,+ soft boundary target (proposed),0,0.5,0.080506,0.121082,0.8135,0.040977
C_soft,+ soft boundary target (proposed),1,0.5,0.079956,0.120815,0.812835,0.040386
C_soft,+ soft boundary target (proposed),2,0.5,0.08152,0.121599,0.813669,0.037628
C_soft,+ soft boundary target (proposed),3,0.5,0.082074,0.121358,0.813429,0.039894
C_soft,+ soft boundary target (proposed),4,0.5,0.083466,0.122628,0.811755,0.040435
C_soft,+ soft boundary target (proposed),0,0.55,0.088586,0.112256,0.814477,0.03753
C_soft,+ soft boundary target (proposed),1,0.55,0.087679,0.112193,0.81408,0.03684
C_soft,+ soft boundary target (proposed),2,0.55,0.091193,0.112159,0.813911,0.033983
C_soft,+ soft boundary target (proposed),3,0.55,0.090504,0.112043,0.814543,0.036643
C_soft,+ soft boundary target (proposed),4,0.55,0.091691,0.113556,0.812962,0.036151
C_soft,+ soft boundary target (proposed),0,0.6,0.097607,0.103898,0.813697,0.035559
C_soft,+ soft boundary target (proposed),1,0.6,0.096206,0.103695,0.814396,0.033442
C_soft,+ soft boundary target (proposed),2,0.6,0.101131,0.10286,0.813637,0.030043
C_soft,+ soft boundary target (proposed),3,0.6,0.099888,0.103444,0.813997,0.033343
C_soft,+ soft boundary target (proposed),4,0.6,0.100768,0.104524,0.813199,0.0329
C_soft,+ soft boundary target (proposed),0,0.7,0.119848,0.085787,0.809156,0.028763
C_soft,+ soft boundary target (proposed),1,0.7,0.117991,0.086437,0.809915,0.026497
C_soft,+ soft boundary target (proposed),2,0.7,0.126407,0.083005,0.807873,0.023148
C_soft,+ soft boundary target (proposed),3,0.7,0.123144,0.085247,0.808827,0.028221
C_soft,+ soft boundary target (proposed),4,0.7,0.12434,0.086251,0.807296,0.026596
C_soft,+ soft boundary target (proposed),0,0.8,0.15367,0.065703,0.79435,0.021129
C_soft,+ soft boundary target (proposed),1,0.8,0.151962,0.064845,0.795757,0.01911
C_soft,+ soft boundary target (proposed),2,0.8,0.163036,0.062632,0.789355,0.016795
C_soft,+ soft boundary target (proposed),3,0.8,0.157999,0.06542,0.791968,0.021326
C_soft,+ soft boundary target (proposed),4,0.8,0.159005,0.065827,0.791128,0.019898
C_soft,+ soft boundary target (proposed),0,0.9,0.21483,0.042174,0.751696,0.013446
C_soft,+ soft boundary target (proposed),1,0.9,0.214239,0.041126,0.753216,0.011426
C_soft,+ soft boundary target (proposed),2,0.9,0.223749,0.038448,0.747895,0.010047
C_soft,+ soft boundary target (proposed),3,0.9,0.218908,0.042363,0.748205,0.012707
C_soft,+ soft boundary target (proposed),4,0.9,0.220863,0.042075,0.747694,0.01251
D_range,+ auxiliary range term (arc_huber),0,0.1,0.023605,0.251393,0.725191,0.097222
D_range,+ auxiliary range term (arc_huber),1,0.1,0.02164,0.274249,0.699169,0.083038
D_range,+ auxiliary range term (arc_huber),2,0.1,0.024498,0.253998,0.720608,0.092149
D_range,+ auxiliary range term (arc_huber),3,0.1,0.024866,0.257214,0.715746,0.086978
D_range,+ auxiliary range term (arc_huber),4,0.1,0.025937,0.251308,0.722444,0.087175
D_range,+ auxiliary range term (arc_huber),0,0.2,0.040748,0.19717,0.770566,0.070823
D_range,+ auxiliary range term (arc_huber),1,0.2,0.039669,0.201811,0.763938,0.06708
D_range,+ auxiliary range term (arc_huber),2,0.2,0.04207,0.196633,0.769206,0.065603
D_range,+ auxiliary range term (arc_huber),3,0.2,0.042275,0.198089,0.76726,0.06383
D_range,+ auxiliary range term (arc_huber),4,0.2,0.043122,0.193805,0.770739,0.065357
D_range,+ auxiliary range term (arc_huber),0,0.3,0.055518,0.164227,0.793448,0.057181
D_range,+ auxiliary range term (arc_huber),1,0.3,0.054611,0.162082,0.794887,0.052945
D_range,+ auxiliary range term (arc_huber),2,0.3,0.056891,0.16171,0.794229,0.052354
D_range,+ auxiliary range term (arc_huber),3,0.3,0.057059,0.162811,0.793254,0.051566
D_range,+ auxiliary range term (arc_huber),4,0.3,0.057669,0.16025,0.794984,0.052354
D_range,+ auxiliary range term (arc_huber),0,0.4,0.069273,0.139383,0.807284,0.046395
D_range,+ auxiliary range term (arc_huber),1,0.4,0.068501,0.137198,0.808116,0.044819
D_range,+ auxiliary range term (arc_huber),2,0.4,0.070726,0.137444,0.807789,0.044129
D_range,+ auxiliary range term (arc_huber),3,0.4,0.071331,0.137939,0.8071,0.042849
D_range,+ auxiliary range term (arc_huber),4,0.4,0.071382,0.136475,0.807693,0.043538
D_range,+ auxiliary range term (arc_huber),0,0.45,0.07653,0.129464,0.810359,0.042602
D_range,+ auxiliary range term (arc_huber),1,0.45,0.075571,0.127799,0.81112,0.040632
D_range,+ auxiliary range term (arc_huber),2,0.45,0.077889,0.127883,0.81115,0.040829
D_range,+ auxiliary range term (arc_huber),3,0.45,0.079016,0.128196,0.809922,0.039598
D_range,+ auxiliary range term (arc_huber),4,0.45,0.078513,0.126966,0.810768,0.039549
D_range,+ auxiliary range term (arc_huber),0,0.5,0.084295,0.120116,0.812145,0.03881
D_range,+ auxiliary range term (arc_huber),1,0.5,0.082535,0.119044,0.81337,0.036545
D_range,+ auxiliary range term (arc_huber),2,0.5,0.085263,0.11936,0.81291,0.037382
D_range,+ auxiliary range term (arc_huber),3,0.5,0.086347,0.118912,0.812233,0.036495
D_range,+ auxiliary range term (arc_huber),4,0.5,0.086031,0.11806,0.812542,0.036988
D_range,+ auxiliary range term (arc_huber),0,0.55,0.092105,0.112081,0.812294,0.036397
D_range,+ auxiliary range term (arc_huber),1,0.55,0.089769,0.10999,0.815323,0.033786
D_range,+ auxiliary range term (arc_huber),2,0.55,0.093669,0.111122,0.813122,0.034722
D_range,+ auxiliary range term (arc_huber),3,0.55,0.094507,0.11005,0.812949,0.032703
D_range,+ auxiliary range term (arc_huber),4,0.55,0.094545,0.109516,0.813005,0.033639
D_range,+ auxiliary range term (arc_huber),0,0.6,0.100801,0.103592,0.812049,0.034033
D_range,+ auxiliary range term (arc_huber),1,0.6,0.09805,0.101892,0.815107,0.030831
D_range,+ auxiliary range term (arc_huber),2,0.6,0.102718,0.103153,0.812295,0.03157
D_range,+ auxiliary range term (arc_huber),3,0.6,0.103561,0.101776,0.811874,0.029994
D_range,+ auxiliary range term (arc_huber),4,0.6,0.103449,0.100749,0.812927,0.030831
D_range,+ auxiliary range term (arc_huber),0,0.7,0.122446,0.085931,0.807828,0.026743
D_range,+ auxiliary range term (arc_huber),1,0.7,0.119718,0.084266,0.810666,0.025118
D_range,+ auxiliary range term (arc_huber),2,0.7,0.124461,0.085529,0.808335,0.026202
D_range,+ auxiliary range term (arc_huber),3,0.7,0.125439,0.084324,0.807148,0.024626
D_range,+ auxiliary range term (arc_huber),4,0.7,0.125457,0.084192,0.807045,0.025167
D_range,+ auxiliary range term (arc_huber),0,0.8,0.154913,0.065928,0.793367,0.020784
D_range,+ auxiliary range term (arc_huber),1,0.8,0.153172,0.063556,0.795808,0.019257
D_range,+ auxiliary range term (arc_huber),2,0.8,0.157808,0.065421,0.793203,0.01975
D_range,+ auxiliary range term (arc_huber),3,0.8,0.159996,0.065106,0.789756,0.01911
D_range,+ auxiliary range term (arc_huber),4,0.8,0.160373,0.063959,0.790055,0.018075
D_range,+ auxiliary range term (arc_huber),0,0.9,0.215198,0.042263,0.751917,0.013347
D_range,+ auxiliary range term (arc_huber),1,0.9,0.21376,0.040437,0.753693,0.010392
D_range,+ auxiliary range term (arc_huber),2,0.9,0.216636,0.041279,0.754006,0.011032
D_range,+ auxiliary range term (arc_huber),3,0.9,0.21989,0.042348,0.747435,0.011574
D_range,+ auxiliary range term (arc_huber),4,0.9,0.221468,0.040629,0.74751,0.010441
E_cumulative,+ auxiliary range term (cumulative),0,0.1,0.022925,0.2544,0.723432,0.098207
E_cumulative,+ auxiliary range term (cumulative),1,0.1,0.023065,0.264097,0.710157,0.094513
E_cumulative,+ auxiliary range term (cumulative),2,0.1,0.024177,0.255784,0.721122,0.094907
E_cumulative,+ auxiliary range term (cumulative),3,0.1,0.022325,0.25449,0.720085,0.094858
E_cumulative,+ auxiliary range term (cumulative),4,0.1,0.023544,0.250445,0.725338,0.093479
E_cumulative,+ auxiliary range term (cumulative),0,0.2,0.039887,0.199919,0.769069,0.070282
E_cumulative,+ auxiliary range term (cumulative),1,0.2,0.041177,0.200404,0.764052,0.066736
E_cumulative,+ auxiliary range term (cumulative),2,0.2,0.041884,0.200348,0.767022,0.066194
E_cumulative,+ auxiliary range term (cumulative),3,0.2,0.039105,0.198371,0.767957,0.06708
E_cumulative,+ auxiliary range term (cumulative),4,0.2,0.03938,0.195993,0.771383,0.068558
E_cumulative,+ auxiliary range term (cumulative),0,0.3,0.054127,0.16495,0.794877,0.056393
E_cumulative,+ auxiliary range term (cumulative),1,0.3,0.05584,0.162673,0.792644,0.053832
E_cumulative,+ auxiliary range term (cumulative),2,0.3,0.056538,0.16505,0.792894,0.052551
E_cumulative,+ auxiliary range term (cumulative),3,0.3,0.05401,0.161992,0.795331,0.05329
E_cumulative,+ auxiliary range term (cumulative),4,0.3,0.05307,0.162899,0.795435,0.055556
E_cumulative,+ auxiliary range term (cumulative),0,0.4,0.068547,0.1395,0.808122,0.045804
E_cumulative,+ auxiliary range term (cumulative),1,0.4,0.069655,0.137065,0.806993,0.045705
E_cumulative,+ auxiliary range term (cumulative),2,0.4,0.070516,0.140092,0.806536,0.043981
E_cumulative,+ auxiliary range term (cumulative),3,0.4,0.068417,0.135387,0.811195,0.044917
E_cumulative,+ auxiliary range term (cumulative),4,0.4,0.066993,0.138075,0.808935,0.045656
E_cumulative,+ auxiliary range term (cumulative),0,0.45,0.075962,0.128929,0.811889,0.042504
E_cumulative,+ auxiliary range term (cumulative),1,0.45,0.076451,0.126823,0.811242,0.042208
E_cumulative,+ auxiliary range term (cumulative),2,0.45,0.077903,0.129976,0.810216,0.040041
E_cumulative,+ auxiliary range term (cumulative),3,0.45,0.075637,0.12529,0.814759,0.040977
E_cumulative,+ auxiliary range term (cumulative),4,0.45,0.074235,0.127837,0.812695,0.041962
E_cumulative,+ auxiliary range term (cumulative),0,0.5,0.083918,0.119036,0.814265,0.038958
E_cumulative,+ auxiliary range term (cumulative),1,0.5,0.083675,0.117575,0.813791,0.038909
E_cumulative,+ auxiliary range term (cumulative),2,0.5,0.085747,0.120677,0.812353,0.037086
E_cumulative,+ auxiliary range term (cumulative),3,0.5,0.083615,0.115967,0.816673,0.037727
E_cumulative,+ auxiliary range term (cumulative),4,0.5,0.081939,0.11872,0.814622,0.03945
E_cumulative,+ auxiliary range term (cumulative),0,0.55,0.092711,0.110064,0.814612,0.035904
E_cumulative,+ auxiliary range term (cumulative),1,0.55,0.09144,0.109317,0.814752,0.035954
E_cumulative,+ auxiliary range term (cumulative),2,0.55,0.094605,0.112189,0.812603,0.034131
E_cumulative,+ auxiliary range term (cumulative),3,0.55,0.092077,0.107139,0.817401,0.034131
E_cumulative,+ auxiliary range term (cumulative),4,0.55,0.089894,0.110044,0.815746,0.035855
E_cumulative,+ auxiliary range term (cumulative),0,0.6,0.102313,0.101477,0.813617,0.032998
E_cumulative,+ auxiliary range term (cumulative),1,0.6,0.100154,0.10097,0.814875,0.033343
E_cumulative,+ auxiliary range term (cumulative),2,0.6,0.104129,0.104083,0.811511,0.030831
E_cumulative,+ auxiliary range term (cumulative),3,0.6,0.101569,0.098278,0.816893,0.031718
E_cumulative,+ auxiliary range term (cumulative),4,0.6,0.098985,0.101561,0.815295,0.032112
E_cumulative,+ auxiliary range term (cumulative),0,0.7,0.126286,0.083353,0.807497,0.026448
E_cumulative,+ auxiliary range term (cumulative),1,0.7,0.123451,0.082655,0.809961,0.0263
E_cumulative,+ auxiliary range term (cumulative),2,0.7,0.127515,0.086583,0.805708,0.024872
E_cumulative,+ auxiliary range term (cumulative),3,0.7,0.125015,0.080664,0.810891,0.026054
E_cumulative,+ auxiliary range term (cumulative),4,0.7,0.122623,0.08429,0.808645,0.026054
E_cumulative,+ auxiliary range term (cumulative),0,0.8,0.161616,0.062776,0.790591,0.020095
E_cumulative,+ auxiliary range term (cumulative),1,0.8,0.158483,0.062591,0.793581,0.018863
E_cumulative,+ auxiliary range term (cumulative),2,0.8,0.163045,0.066497,0.788298,0.018075
E_cumulative,+ auxiliary range term (cumulative),3,0.8,0.161449,0.061432,0.791633,0.020242
E_cumulative,+ auxiliary range term (cumulative),4,0.8,0.156426,0.064413,0.793045,0.018371
E_cumulative,+ auxiliary range term (cumulative),0,0.9,0.223232,0.039668,0.747623,0.011968
E_cumulative,+ auxiliary range term (cumulative),1,0.9,0.220681,0.040226,0.749589,0.011328
E_cumulative,+ auxiliary range term (cumulative),2,0.9,0.223842,0.042137,0.745772,0.010688
E_cumulative,+ auxiliary range term (cumulative),3,0.9,0.223009,0.039702,0.746717,0.011623
E_cumulative,+ auxiliary range term (cumulative),4,0.9,0.21942,0.040954,0.748648,0.011328
