cell,cell_label,free_miss_anchor,n_seeds_covering,tau_star_at_anchor_mean,tau_star_at_anchor_sd,fatal_at_anchor_mean,fatal_at_anchor_sd,missed_obstacle_at_anchor_mean,missed_obstacle_at_anchor_sd,f1_10cm_at_anchor_mean,f1_10cm_at_anchor_sd,iou_free_at_anchor_mean,iou_free_at_anchor_sd
A_ce,Weighted CE (baseline),0.05711,5,0.195063,0.070029,0.15819,0.005013,0.051915,0.002624,0.584824,0.004638,0.799246,0.003282
A_ce,Weighted CE (baseline),0.067103,5,0.340084,0.096265,0.140572,0.004487,0.045212,0.002533,0.60058,0.006133,0.807338,0.002758
A_ce,Weighted CE (baseline),0.077096,5,0.523221,0.097246,0.126472,0.004005,0.039837,0.002542,0.611331,0.007168,0.812063,0.002255
A_ce,Weighted CE (baseline),0.087089,5,0.690556,0.071223,0.114963,0.003775,0.035093,0.001997,0.616403,0.005815,0.814375,0.002132
A_ce,Weighted CE (baseline),0.097081,5,0.807505,0.042859,0.105715,0.00333,0.031527,0.001427,0.617771,0.004104,0.814639,0.001848
B_perset,Per-set mean (no boundary term),0.05711,5,0.561418,0.082044,0.24136,0.007249,0.103826,0.015044,0.275223,0.015645,0.706636,0.006091
B_perset,Per-set mean (no boundary term),0.067103,5,0.642874,0.08024,0.222608,0.007307,0.091771,0.014271,0.305519,0.015949,0.720135,0.006124
B_perset,Per-set mean (no boundary term),0.077096,5,0.71095,0.073802,0.207019,0.007579,0.081462,0.01276,0.327393,0.0185,0.730144,0.006278
B_perset,Per-set mean (no boundary term),0.087089,5,0.76714,0.06488,0.193425,0.007902,0.07249,0.011098,0.345947,0.020138,0.737928,0.006606
B_perset,Per-set mean (no boundary term),0.097081,5,0.8114,0.05935,0.181822,0.007922,0.065162,0.010525,0.360694,0.019881,0.743522,0.006267
C_hard,"+ boundary term, hard target",0.05711,5,0.128537,0.029785,0.170259,0.007429,0.048161,0.003988,0.558969,0.014301,0.787192,0.009623
C_hard,"+ boundary term, hard target",0.067103,5,0.233435,0.037604,0.146071,0.002674,0.045162,0.002253,0.595056,0.006745,0.803128,0.00288
C_hard,"+ boundary term, hard target",0.077096,5,0.385522,0.040391,0.130212,0.002129,0.039065,0.001687,0.608383,0.004924,0.809145,0.002248
C_hard,"+ boundary term, hard target",0.087089,5,0.553711,0.035834,0.117458,0.001642,0.034352,0.000608,0.613722,0.007612,0.812317,0.001566
C_hard,"+ boundary term, hard target",0.097081,5,0.69724,0.027524,0.107303,0.001487,0.030801,0.000579,0.617417,0.008713,0.813114,0.001401
C_soft,+ soft boundary target (proposed),0.05711,5,0.331021,0.006482,0.159666,0.001685,0.053255,0.001242,0.537223,0.00596,0.796247,0.001617
C_soft,+ soft boundary target (proposed),0.067103,5,0.402271,0.005972,0.141268,0.001877,0.046796,0.001227,0.575943,0.004943,0.806608,0.001201
C_soft,+ soft boundary target (proposed),0.077096,5,0.471068,0.007494,0.127162,0.002212,0.041903,0.001307,0.595337,0.004282,0.811517,0.000956
C_soft,+ soft boundary target (proposed),0.087089,5,0.533492,0.009762,0.115472,0.002233,0.037464,0.001202,0.603333,0.003716,0.813694,0.000806
C_soft,+ soft boundary target (proposed),0.097081,5,0.589093,0.010966,0.105649,0.002013,0.033807,0.0015,0.606232,0.004269,0.813794,0.000446
D_range,+ auxiliary range term (arc_huber),0.05711,5,0.305534,0.008973,0.160909,0.001935,0.052806,0.001836,0.536951,0.011473,0.794824,0.001506
D_range,+ auxiliary range term (arc_huber),0.067103,5,0.377429,0.009219,0.143201,0.002093,0.046347,0.00105,0.572246,0.008383,0.80457,0.001456
D_range,+ auxiliary range term (arc_huber),0.077096,5,0.447324,0.009782,0.128619,0.001712,0.040802,0.000997,0.594829,0.005946,0.810451,0.000876
D_range,+ auxiliary range term (arc_huber),0.087089,5,0.514195,0.010957,0.116652,0.001895,0.036456,0.001136,0.604699,0.006556,0.81293,0.000979
D_range,+ auxiliary range term (arc_huber),0.097081,5,0.574016,0.012697,0.106579,0.002134,0.032905,0.001492,0.608036,0.007517,0.813145,0.001154
E_cumulative,+ auxiliary range term (cumulative),0.05711,5,0.316905,0.010073,0.159198,0.003379,0.052731,0.001014,0.542114,0.008072,0.796626,0.002742
E_cumulative,+ auxiliary range term (cumulative),0.067103,5,0.387748,0.009629,0.141153,0.00347,0.046285,0.000718,0.578343,0.007171,0.806617,0.002842
E_cumulative,+ auxiliary range term (cumulative),0.077096,5,0.456766,0.008659,0.126527,0.002957,0.041159,0.000769,0.598487,0.004443,0.812406,0.001996
E_cumulative,+ auxiliary range term (cumulative),0.087089,5,0.520095,0.008879,0.114917,0.002813,0.037096,0.000665,0.60663,0.00411,0.814663,0.001676
E_cumulative,+ auxiliary range term (cumulative),0.097081,5,0.576804,0.01,0.105191,0.003055,0.033575,0.000799,0.608204,0.003686,0.814767,0.001757
