protocol,run,seed,cell,max_epoch,n_scalar_tags
fixed_split,final_s0,0,final,40,68
fixed_split,final_s1,1,final,40,68
fixed_split,final_s2,2,final,40,68
fixed_split,final_s3,3,final,40,68
fixed_split,final_s4,4,final,40,68
loso,loso_rawos1_s0,0,loso_rawos1,40,68
loso,loso_rawos1_s1,1,loso_rawos1,40,68
loso,loso_rawos1_s2,2,loso_rawos1,40,68
loso,loso_rawos1_s3,3,loso_rawos1,40,68
loso,loso_rawos1_s4,4,loso_rawos1,40,68
loso,loso_rawos2_s0,0,loso_rawos2,40,68
loso,loso_rawos2_s1,1,loso_rawos2,40,68
loso,loso_rawos2_s2,2,loso_rawos2,40,68
loso,loso_rawos2_s3,3,loso_rawos2,40,68
loso,loso_rawos2_s4,4,loso_rawos2,40,68
loso,loso_rawos3_s0,0,loso_rawos3,40,68
loso,loso_rawos3_s1,1,loso_rawos3,40,68
loso,loso_rawos3_s2,2,loso_rawos3,40,68
loso,loso_rawos3_s3,3,loso_rawos3,40,68
loso,loso_rawos3_s4,4,loso_rawos3,40,68
loso,loso_rawos4_s0,0,loso_rawos4,40,68
loso,loso_rawos4_s1,1,loso_rawos4,40,68
loso,loso_rawos4_s2,2,loso_rawos4,40,68
loso,loso_rawos4_s3,3,loso_rawos4,40,68
loso,loso_rawos4_s4,4,loso_rawos4,40,68
loso,loso_raws1_s0,0,loso_raws1,40,68
loso,loso_raws1_s1,1,loso_raws1,40,68
loso,loso_raws1_s2,2,loso_raws1,40,68
loso,loso_raws1_s3,3,loso_raws1,40,68
loso,loso_raws1_s4,4,loso_raws1,40,68
loso,loso_raws2_s0,0,loso_raws2,40,68
loso,loso_raws2_s1,1,loso_raws2,40,68
loso,loso_raws2_s2,2,loso_raws2,40,68
loso,loso_raws2_s3,3,loso_raws2,40,68
loso,loso_raws2_s4,4,loso_raws2,40,68
loso,loso_raws3_s0,0,loso_raws3,40,68
loso,loso_raws3_s1,1,loso_raws3,40,68
loso,loso_raws3_s2,2,loso_raws3,40,68
loso,loso_raws3_s3,3,loso_raws3,40,68
loso,loso_raws3_s4,4,loso_raws3,40,68
