fold,seed,epoch,iou_free,fatal_rate,free_miss_rate
raws1,0,40,0.8247684240341187,0.09959543496370316,0.08428406715393066
raws1,1,40,0.8223981261253357,0.10104751586914062,0.08450061827898026
raws1,2,40,0.823154628276825,0.09811299294233322,0.09301450848579407
raws1,3,40,0.8239952325820923,0.09940176457166672,0.08891142904758453
raws1,4,40,0.8248151540756226,0.09652382880449295,0.08851251751184464
raws2,0,40,0.872821033000946,0.058311041444540024,0.09016726166009903
raws2,1,40,0.8729329705238342,0.058601345866918564,0.08429475128650665
raws2,2,40,0.872784435749054,0.05872100219130516,0.085483118891716
raws2,3,40,0.8712212443351746,0.058787304908037186,0.0918111652135849
raws2,4,40,0.8707830905914307,0.05895015224814415,0.0908406674861908
raws3,0,40,0.8271088600158691,0.10114598274230957,0.09048798680305481
raws3,1,40,0.8210061192512512,0.10650940984487534,0.09180375933647156
raws3,2,40,0.8182289600372314,0.09712821990251541,0.10492298007011414
raws3,3,40,0.819124698638916,0.10475000739097595,0.09564334154129028
raws3,4,40,0.8136554956436157,0.10256607830524445,0.10443052649497986
rawos1,0,40,0.847222089767456,0.08691052347421646,0.0888826847076416
rawos1,1,40,0.8496572375297546,0.08866584300994873,0.08444158732891083
rawos1,2,40,0.851697564125061,0.08644276857376099,0.08438091725111008
rawos1,3,40,0.8486217856407166,0.08355933427810669,0.08971994370222092
rawos1,4,40,0.8451851010322571,0.0896008163690567,0.09036305546760559
rawos2,0,40,0.8412607908248901,0.09026233106851578,0.10377946496009827
rawos2,1,40,0.8418862819671631,0.09032237529754639,0.10286574810743332
rawos2,2,40,0.8418279886245728,0.08769626915454865,0.10530578345060349
rawos2,3,40,0.8382096290588379,0.09285398572683334,0.10581455379724503
rawos2,4,40,0.8364406228065491,0.08993732929229736,0.10893987864255905
rawos3,0,40,0.810732901096344,0.12279003113508224,0.08021024614572525
rawos3,1,40,0.8006010055541992,0.12731032073497772,0.09014800190925598
rawos3,2,40,0.8062015175819397,0.13028396666049957,0.0786995142698288
rawos3,3,40,0.8071416616439819,0.12306414544582367,0.08619020879268646
rawos3,4,40,0.8046276569366455,0.12907007336616516,0.08238191902637482
rawos4,0,40,0.8031057715415955,0.10180064290761948,0.11947152018547058
rawos4,1,40,0.7993923425674438,0.10574223846197128,0.11907443404197693
rawos4,2,40,0.8027586340904236,0.10605155676603317,0.11415782570838928
rawos4,3,40,0.7994728088378906,0.10272057354450226,0.12207061052322388
rawos4,4,40,0.8010375499725342,0.10072219371795654,0.12347844988107681
