metric,mean,sd,n
iou_free,0.8118617177009583,0.0017855160169143772,5
fatal_rate,0.12037299871444702,0.0014540435569804066,5
free_miss_rate,0.08444816917181015,0.0009802244908323143,5
occupied_f1_10cm,0.5981319665908813,0.005838003830683698,5
occupied_f1_20cm,0.8313040256500244,0.0026339773339401915,5
occupied_f1_40cm,0.9290003776550293,0.001855564174927897,5
range_mae,0.21174381971359252,0.0036299146154376506,5
range_bias,0.051846244186162946,0.0034225649694278803,5
range_missed_obstacle_rate,0.03767730519175529,0.0019490114484033985,5
