cell,run_name,seed,loss,lambda_b,sigma_m,lambda_r,range_loss_mode,delta_m,num_epochs,encoder_type
A_ce,A_ce_s0,0,weighted_ce,0.0,0.1,0.0,arc_huber,0.3,100,res101
A_ce,A_ce_s1,1,weighted_ce,0.0,0.1,0.0,arc_huber,0.3,100,res101
A_ce,A_ce_s2,2,weighted_ce,0.0,0.1,0.0,arc_huber,0.3,100,res101
A_ce,A_ce_s3,3,weighted_ce,0.0,0.1,0.0,arc_huber,0.3,100,res101
A_ce,A_ce_s4,4,weighted_ce,0.0,0.1,0.0,arc_huber,0.3,100,res101
B_perset,B_perset_s0,0,soft_boundary,0.0,0.1,0.0,arc_huber,0.3,100,res101
B_perset,B_perset_s1,1,soft_boundary,0.0,0.1,0.0,arc_huber,0.3,100,res101
B_perset,B_perset_s2,2,soft_boundary,0.0,0.1,0.0,arc_huber,0.3,100,res101
B_perset,B_perset_s3,3,soft_boundary,0.0,0.1,0.0,arc_huber,0.3,100,res101
B_perset,B_perset_s4,4,soft_boundary,0.0,0.1,0.0,arc_huber,0.3,100,res101
C_hard,C_hard_s0,0,soft_boundary,0.5,0.001,0.0,arc_huber,0.3,100,res101
C_hard,C_hard_s1,1,soft_boundary,0.5,0.001,0.0,arc_huber,0.3,100,res101
C_hard,C_hard_s2,2,soft_boundary,0.5,0.001,0.0,arc_huber,0.3,100,res101
C_hard,C_hard_s3,3,soft_boundary,0.5,0.001,0.0,arc_huber,0.3,100,res101
C_hard,C_hard_s4,4,soft_boundary,0.5,0.001,0.0,arc_huber,0.3,100,res101
C_soft,C_soft_s0,0,soft_boundary,0.5,0.1,0.0,arc_huber,0.3,100,res101
C_soft,C_soft_s1,1,soft_boundary,0.5,0.1,0.0,arc_huber,0.3,100,res101
C_soft,C_soft_s2,2,soft_boundary,0.5,0.1,0.0,arc_huber,0.3,100,res101
C_soft,C_soft_s3,3,soft_boundary,0.5,0.1,0.0,arc_huber,0.3,100,res101
C_soft,C_soft_s4,4,soft_boundary,0.5,0.1,0.0,arc_huber,0.3,100,res101
