run,seed,epoch,metric,value
final_s0,0,100,bf_10cm_precision,0.5900980830192566
final_s0,0,100,bf_10cm_recall,0.6613368988037109
final_s0,0,100,bf_20cm_precision,0.7992604374885559
final_s0,0,100,bf_20cm_recall,0.903434157371521
final_s0,0,100,bf_30cm_precision,0.8646237254142761
final_s0,0,100,bf_30cm_recall,0.9590349793434143
final_s0,0,100,ring_0.0-1.5m_iou_free,0.8454329371452332
final_s0,0,100,ring_0.0-1.5m_iou_non_free,0.9236643314361572
final_s0,0,100,ring_0.0-1.5m_precision,0.8889618515968323
final_s0,0,100,ring_0.0-1.5m_recall,0.9471801519393921
final_s0,0,100,ring_1.5-3.0m_iou_free,0.8104518055915833
final_s0,0,100,ring_1.5-3.0m_iou_non_free,0.9430863261222839
final_s0,0,100,ring_1.5-3.0m_precision,0.879988431930542
final_s0,0,100,ring_1.5-3.0m_recall,0.9131713509559631
final_s0,0,100,ring_3.0-4.0m_iou_free,0.7881148457527161
final_s0,0,100,ring_3.0-4.0m_iou_non_free,0.9509783983230591
final_s0,0,100,ring_3.0-4.0m_precision,0.8689547777175903
final_s0,0,100,ring_3.0-4.0m_recall,0.8919129371643066
final_s1,1,100,bf_10cm_precision,0.5896070599555969
final_s1,1,100,bf_10cm_recall,0.6519269347190857
final_s1,1,100,bf_20cm_precision,0.798819899559021
final_s1,1,100,bf_20cm_recall,0.894879162311554
final_s1,1,100,bf_30cm_precision,0.8682631254196167
final_s1,1,100,bf_30cm_recall,0.9545344710350037
final_s1,1,100,ring_0.0-1.5m_iou_free,0.8446497917175293
final_s1,1,100,ring_0.0-1.5m_iou_non_free,0.9221367835998535
final_s1,1,100,ring_0.0-1.5m_precision,0.8888109922409058
final_s1,1,100,ring_0.0-1.5m_recall,0.9465336203575134
final_s1,1,100,ring_1.5-3.0m_iou_free,0.8109932541847229
final_s1,1,100,ring_1.5-3.0m_iou_non_free,0.944098174571991
final_s1,1,100,ring_1.5-3.0m_precision,0.8784752488136292
final_s1,1,100,ring_1.5-3.0m_recall,0.9157988429069519
final_s1,1,100,ring_3.0-4.0m_iou_free,0.7919778227806091
final_s1,1,100,ring_3.0-4.0m_iou_non_free,0.9523956775665283
final_s1,1,100,ring_3.0-4.0m_precision,0.8732084631919861
final_s1,1,100,ring_3.0-4.0m_recall,0.893152117729187
final_s2,2,100,bf_10cm_precision,0.5888807773590088
final_s2,2,100,bf_10cm_recall,0.6534315347671509
final_s2,2,100,bf_20cm_precision,0.7984039187431335
final_s2,2,100,bf_20cm_recall,0.8947045207023621
final_s2,2,100,bf_30cm_precision,0.8674002289772034
final_s2,2,100,bf_30cm_recall,0.9556687474250793
final_s2,2,100,ring_0.0-1.5m_iou_free,0.8458923697471619
final_s2,2,100,ring_0.0-1.5m_iou_non_free,0.9217495322227478
final_s2,2,100,ring_0.0-1.5m_precision,0.891779899597168
final_s2,2,100,ring_0.0-1.5m_recall,0.9448204040527344
final_s2,2,100,ring_1.5-3.0m_iou_free,0.8092327117919922
final_s2,2,100,ring_1.5-3.0m_iou_non_free,0.9414941668510437
final_s2,2,100,ring_1.5-3.0m_precision,0.8793583512306213
final_s2,2,100,ring_1.5-3.0m_recall,0.9125080704689026
final_s2,2,100,ring_3.0-4.0m_iou_free,0.7927576303482056
final_s2,2,100,ring_3.0-4.0m_iou_non_free,0.9516139030456543
final_s2,2,100,ring_3.0-4.0m_precision,0.8723487257957458
final_s2,2,100,ring_3.0-4.0m_recall,0.8931483030319214
final_s3,3,100,bf_10cm_precision,0.583885133266449
final_s3,3,100,bf_10cm_recall,0.6501772403717041
final_s3,3,100,bf_20cm_precision,0.797012984752655
final_s3,3,100,bf_20cm_recall,0.9000550508499146
final_s3,3,100,bf_30cm_precision,0.8635486364364624
final_s3,3,100,bf_30cm_recall,0.9568327069282532
final_s3,3,100,ring_0.0-1.5m_iou_free,0.8442448973655701
final_s3,3,100,ring_0.0-1.5m_iou_non_free,0.9224635362625122
final_s3,3,100,ring_0.0-1.5m_precision,0.8877289891242981
final_s3,3,100,ring_0.0-1.5m_recall,0.9472063183784485
final_s3,3,100,ring_1.5-3.0m_iou_free,0.8086902499198914
final_s3,3,100,ring_1.5-3.0m_iou_non_free,0.9421073198318481
final_s3,3,100,ring_1.5-3.0m_precision,0.8807746767997742
final_s3,3,100,ring_1.5-3.0m_recall,0.9105755090713501
final_s3,3,100,ring_3.0-4.0m_iou_free,0.7961620092391968
final_s3,3,100,ring_3.0-4.0m_iou_non_free,0.9531528353691101
final_s3,3,100,ring_3.0-4.0m_precision,0.8786336779594421
final_s3,3,100,ring_3.0-4.0m_recall,0.8952188491821289
final_s4,4,100,bf_10cm_precision,0.5769447684288025
final_s4,4,100,bf_10cm_recall,0.6523389220237732
final_s4,4,100,bf_20cm_precision,0.7865023612976074
final_s4,4,100,bf_20cm_recall,0.8948405981063843
final_s4,4,100,bf_30cm_precision,0.856002926826477
final_s4,4,100,bf_30cm_recall,0.9534580707550049
final_s4,4,100,ring_0.0-1.5m_iou_free,0.8446657061576843
final_s4,4,100,ring_0.0-1.5m_iou_non_free,0.9226269125938416
final_s4,4,100,ring_0.0-1.5m_precision,0.8900314569473267
final_s4,4,100,ring_0.0-1.5m_recall,0.9450661540031433
final_s4,4,100,ring_1.5-3.0m_iou_free,0.8110300898551941
final_s4,4,100,ring_1.5-3.0m_iou_non_free,0.9422040581703186
final_s4,4,100,ring_1.5-3.0m_precision,0.8798027038574219
final_s4,4,100,ring_1.5-3.0m_recall,0.9144316911697388
final_s4,4,100,ring_3.0-4.0m_iou_free,0.7918649315834045
final_s4,4,100,ring_3.0-4.0m_iou_non_free,0.9519535303115845
final_s4,4,100,ring_3.0-4.0m_precision,0.8735204935073853
final_s4,4,100,ring_3.0-4.0m_recall,0.8962111473083496
