fold,seed,epoch,iou_free,iou_non_free,precision,recall,bf_10cm,bf_20cm,bf_30cm
raws1,0,100,0.8242396712303162,0.9595733284950256,0.9022802710533142,0.9085348844528198,0.6581641435623169,0.8727017641067505,0.9284789562225342
raws1,1,100,0.8204915523529053,0.9583318829536438,0.892571210861206,0.9144872426986694,0.6686037182807922,0.8770474791526794,0.9293826222419739
raws1,2,100,0.8239266872406006,0.9589137434959412,0.8998844623565674,0.9107798933982849,0.6615224480628967,0.8670951128005981,0.9233014583587646
raws1,3,100,0.826273500919342,0.958057165145874,0.8992837071418762,0.9139551520347595,0.6644324660301208,0.8718051314353943,0.925667941570282
raws1,4,100,0.824051558971405,0.9581646919250488,0.9003974199295044,0.9101919531822205,0.6643947958946228,0.8696319460868835,0.9262229800224304
raws2,0,100,0.8751859068870544,0.9658111929893494,0.9341426491737366,0.934235692024231,0.7654421329498291,0.9190464019775391,0.9527696371078491
raws2,1,100,0.8749792575836182,0.9666509628295898,0.9343120455741882,0.9338294863700867,0.7592833042144775,0.9197355508804321,0.9524804353713989
raws2,2,100,0.8725690841674805,0.9640018343925476,0.9330105185508728,0.9325868487358093,0.7575986981391907,0.9171639084815979,0.9490061402320862
raws2,3,100,0.870951235294342,0.9642581343650818,0.9335336089134216,0.9300243258476257,0.7499363422393799,0.9140231013298035,0.9482701420783997
raws2,4,100,0.8710395097732544,0.964247465133667,0.9322567582130432,0.9315111637115479,0.7551305890083313,0.91884446144104,0.9524667859077454
raws3,0,100,0.8226028084754944,0.9330258369445801,0.8936142325401306,0.9135238528251648,0.6309219002723694,0.8141229748725891,0.8634268641471863
raws3,1,100,0.8104357123374939,0.9293311834335327,0.8957798480987549,0.8971093893051147,0.629658043384552,0.8016749620437622,0.8512787222862244
raws3,2,100,0.8156402707099915,0.9309730529785156,0.8948847651481628,0.9039635062217712,0.6254785060882568,0.7977369427680969,0.8482640385627747
raws3,3,100,0.815814197063446,0.9309313893318176,0.8947198390960693,0.9047267436981201,0.6213337779045105,0.7971218228340149,0.8523926138877869
raws3,4,100,0.8104258179664612,0.9294087290763855,0.8978472352027893,0.8946408033370972,0.5818105936050415,0.7797215580940247,0.8409696221351624
rawos1,0,100,0.8477613925933838,0.968019425868988,0.9210647940635681,0.9151598215103149,0.7186982035636902,0.9215300679206848,0.9551172256469727
rawos1,1,100,0.8508878946304321,0.9683687686920166,0.9205641150474548,0.9193605184555054,0.7345742583274841,0.9207834601402283,0.957222044467926
rawos1,2,100,0.8539338707923889,0.9690476059913635,0.9232639670372009,0.920037031173706,0.7329474687576294,0.9206002354621887,0.9566218852996826
rawos1,3,100,0.8503884077072144,0.9691759347915649,0.9249471426010132,0.9145557880401611,0.7216527462005615,0.9141743183135986,0.9523996710777283
rawos1,4,100,0.845861554145813,0.9676254987716675,0.9206013083457947,0.9133895635604858,0.7218034863471985,0.9179174900054932,0.9539353847503662
rawos2,0,100,0.8440558314323425,0.9565778970718384,0.9121586084365845,0.9189272522926331,0.744602382183075,0.8968512415885925,0.9325414896011353
rawos2,1,100,0.8415838479995728,0.9559966921806335,0.9080299139022827,0.9202309846878052,0.7359519600868225,0.9006864428520203,0.9337128400802612
rawos2,2,100,0.8437100052833557,0.9563942551612854,0.9088136553764343,0.9221459627151489,0.7469992637634277,0.9046772718429565,0.9366121292114258
rawos2,3,100,0.8414105176925659,0.9563145637512207,0.9106360673904419,0.9176453948020935,0.7416965961456299,0.9011878967285156,0.9352613091468811
rawos2,4,100,0.8417011499404907,0.9563654661178589,0.9105333089828491,0.9179450869560242,0.7338817715644836,0.9001263380050659,0.9347501397132874
rawos3,0,100,0.8097261190414429,0.9334419369697571,0.8703132271766663,0.920832097530365,0.5785605311393738,0.8162591457366943,0.8803379535675049
rawos3,1,100,0.8060530424118042,0.9320040345191956,0.8677232265472412,0.9177886843681335,0.5569432377815247,0.8046298027038574,0.8762975335121155
rawos3,2,100,0.8120423555374146,0.9341067671775818,0.8702285885810852,0.9232177138328552,0.5720952749252319,0.8135543465614319,0.8855138421058655
rawos3,3,100,0.8048378825187683,0.9310362339019775,0.8669381737709045,0.9170620441436768,0.5555753111839294,0.8132678270339966,0.8822452425956726
rawos3,4,100,0.8066832423210144,0.9316052794456482,0.8646854758262634,0.9217309951782227,0.5668198466300964,0.8021159768104553,0.8774593472480774
rawos4,0,100,0.803396463394165,0.9188065528869629,0.8943656086921692,0.8862231969833374,0.5217432975769043,0.7454069256782532,0.8329979181289673
rawos4,1,100,0.7958424091339111,0.9158633947372437,0.8890559077262878,0.8819584846496582,0.4973953068256378,0.7250754237174988,0.8109813928604126
rawos4,2,100,0.7993156909942627,0.9173957109451294,0.8922246098518372,0.8835342526435852,0.5119352340698242,0.7345268130302429,0.8153536915779114
rawos4,3,100,0.801237165927887,0.9180269241333008,0.8927012085914612,0.885677695274353,0.5203463435173035,0.7413185834884644,0.8216092586517334
rawos4,4,100,0.7999069094657898,0.9171227812767029,0.8940573334693909,0.88221675157547,0.5165262222290039,0.7366019487380981,0.8217770457267761
