metric,macro_mean,sd_across_folds,n_folds,mean_within_fold_seed_sd
iou_free,0.8302560721124922,0.025974287998700114,7,0.0027499631103058706
iou_non_free,0.9469993233680726,0.019814930060547152,7,0.0009383518232943845
precision,0.9028978518077305,0.021422052627187587,7,0.002027559917609088
recall,0.9123925788061958,0.015441624884091319,7,0.0030128836160008736
bf_10cm,0.6549845772130148,0.0933054539487328,7,0.00893648564062796
bf_20cm,0.8505361335618156,0.07018149650643381,7,0.0054351685959685165
bf_30cm,0.9027750372886657,0.05252876997180584,7,0.004033506123355709
baseline,0.5366952305573174,0.14133042871022625,7,
margin,0.29356084155517476,0.11972443545902736,7,
