metric,better_direction,target_only_mean,target_only_sd,pretrained_mean,pretrained_sd,paired_diff_mean,paired_diff_se,abs_mean_over_se,sign_agreement
iou_free,higher,0.814649,0.000674,0.811902,0.002253,-0.002747,0.000916,2.998,5/5
fatal_rate,lower,0.117887,0.001026,0.118076,0.00148,0.000189,0.000556,0.339,3/5
free_miss_rate,lower,0.083298,0.001241,0.085785,0.003535,0.002487,0.001108,2.244,4/5
occupied_f1_10cm,higher,0.606888,0.00511,0.5849,0.006722,-0.021988,0.003158,6.963,5/5
occupied_f1_20cm,higher,0.835517,0.004149,0.821825,0.0055,-0.013691,0.003046,4.496,5/5
occupied_f1_40cm,higher,0.927344,0.002166,0.930624,0.003514,0.003281,0.001185,2.768,4/5
range_mae,lower,0.206978,0.004666,0.22086,0.002824,0.013881,0.002038,6.811,5/5
range_bias,,0.046264,0.00249,0.04471,0.004433,-0.001554,0.001593,0.976,3/5
range_missed_obstacle_rate,lower,0.038475,0.001835,0.038495,0.001484,2e-05,0.001025,0.019,3/5
