arm,arm_label,metric,epoch,mean,sd,n
control,DS-native (frozen),iou_free,1,0.649354,0.047995,5
control,DS-native (frozen),iou_free,2,0.755723,0.004432,5
control,DS-native (frozen),iou_free,3,0.773872,0.002217,5
control,DS-native (frozen),iou_free,4,0.783599,0.007292,5
control,DS-native (frozen),iou_free,5,0.78796,0.004243,5
control,DS-native (frozen),iou_free,6,0.79674,0.004262,5
control,DS-native (frozen),iou_free,7,0.795814,0.002526,5
control,DS-native (frozen),iou_free,8,0.798603,0.006409,5
control,DS-native (frozen),iou_free,9,0.803071,0.003813,5
control,DS-native (frozen),iou_free,10,0.80484,0.003072,5
control,DS-native (frozen),iou_free,11,0.805902,0.002288,5
control,DS-native (frozen),iou_free,12,0.806333,0.002193,5
control,DS-native (frozen),iou_free,13,0.80747,0.002292,5
control,DS-native (frozen),iou_free,14,0.806564,0.005234,5
control,DS-native (frozen),iou_free,15,0.807333,0.002654,5
control,DS-native (frozen),iou_free,16,0.808469,0.001062,5
control,DS-native (frozen),iou_free,17,0.809405,0.001514,5
control,DS-native (frozen),iou_free,18,0.809026,0.001986,5
control,DS-native (frozen),iou_free,19,0.810003,0.001361,5
control,DS-native (frozen),iou_free,20,0.808851,0.002543,5
control,DS-native (frozen),iou_free,21,0.809374,0.002329,5
control,DS-native (frozen),iou_free,22,0.810582,0.001485,5
control,DS-native (frozen),iou_free,23,0.811211,0.000812,5
control,DS-native (frozen),iou_free,24,0.810991,0.001671,5
control,DS-native (frozen),iou_free,25,0.811772,0.001408,5
control,DS-native (frozen),iou_free,26,0.81057,0.001315,5
control,DS-native (frozen),iou_free,27,0.811376,0.002391,5
control,DS-native (frozen),iou_free,28,0.811224,0.001825,5
control,DS-native (frozen),iou_free,29,0.811998,0.001143,5
control,DS-native (frozen),iou_free,30,0.811971,0.001779,5
control,DS-native (frozen),iou_free,31,0.812329,0.001564,5
control,DS-native (frozen),iou_free,32,0.812162,0.00098,5
control,DS-native (frozen),iou_free,33,0.811997,0.002081,5
control,DS-native (frozen),iou_free,34,0.812545,0.001347,5
control,DS-native (frozen),iou_free,35,0.812655,0.001417,5
control,DS-native (frozen),iou_free,36,0.812373,0.001109,5
control,DS-native (frozen),iou_free,37,0.812916,0.001431,5
control,DS-native (frozen),iou_free,38,0.812764,0.000833,5
control,DS-native (frozen),iou_free,39,0.813354,0.001957,5
control,DS-native (frozen),iou_free,40,0.812999,0.001071,5
control,DS-native (frozen),iou_free,41,0.814221,0.000762,5
control,DS-native (frozen),iou_free,42,0.813149,0.001183,5
control,DS-native (frozen),iou_free,43,0.812241,0.000881,5
control,DS-native (frozen),iou_free,44,0.813399,0.001622,5
control,DS-native (frozen),iou_free,45,0.813794,0.001071,5
control,DS-native (frozen),iou_free,46,0.814066,0.001566,5
control,DS-native (frozen),iou_free,47,0.813974,0.000494,5
control,DS-native (frozen),iou_free,48,0.814098,0.001137,5
control,DS-native (frozen),iou_free,49,0.81406,0.001248,5
control,DS-native (frozen),iou_free,50,0.81464,0.00145,5
control,DS-native (frozen),iou_free,51,0.814214,0.001184,5
control,DS-native (frozen),iou_free,52,0.814303,0.00074,5
control,DS-native (frozen),iou_free,53,0.813618,0.001182,5
control,DS-native (frozen),iou_free,54,0.813788,0.000619,5
control,DS-native (frozen),iou_free,55,0.814086,0.000918,5
control,DS-native (frozen),iou_free,56,0.813665,0.000839,5
control,DS-native (frozen),iou_free,57,0.814819,0.001295,5
control,DS-native (frozen),iou_free,58,0.814944,0.000437,5
control,DS-native (frozen),iou_free,59,0.814433,0.000476,5
control,DS-native (frozen),iou_free,60,0.814568,0.001042,5
control,DS-native (frozen),iou_free,61,0.814989,0.000557,5
control,DS-native (frozen),iou_free,62,0.814115,0.000622,5
control,DS-native (frozen),iou_free,63,0.815242,0.00055,5
control,DS-native (frozen),iou_free,64,0.815139,0.000801,5
control,DS-native (frozen),iou_free,65,0.814286,0.000608,5
control,DS-native (frozen),iou_free,66,0.815343,0.000459,5
control,DS-native (frozen),iou_free,67,0.815061,0.000551,5
control,DS-native (frozen),iou_free,68,0.814829,0.000689,5
control,DS-native (frozen),iou_free,69,0.815248,0.000594,5
control,DS-native (frozen),iou_free,70,0.814738,0.000374,5
control,DS-native (frozen),iou_free,71,0.814974,0.001049,5
control,DS-native (frozen),iou_free,72,0.815084,0.000756,5
control,DS-native (frozen),iou_free,73,0.815344,0.000417,5
control,DS-native (frozen),iou_free,74,0.815305,0.000739,5
control,DS-native (frozen),iou_free,75,0.815531,0.000509,5
control,DS-native (frozen),iou_free,76,0.815028,0.000449,5
control,DS-native (frozen),iou_free,77,0.815577,0.000412,5
control,DS-native (frozen),iou_free,78,0.815259,0.000645,5
control,DS-native (frozen),iou_free,79,0.815452,0.000378,5
control,DS-native (frozen),iou_free,80,0.815409,0.000455,5
control,DS-native (frozen),iou_free,81,0.81548,0.0003,5
control,DS-native (frozen),iou_free,82,0.815481,0.000314,5
control,DS-native (frozen),iou_free,83,0.815687,0.000525,5
control,DS-native (frozen),iou_free,84,0.815451,0.000337,5
control,DS-native (frozen),iou_free,85,0.815437,0.000427,5
control,DS-native (frozen),iou_free,86,0.815667,0.000611,5
control,DS-native (frozen),iou_free,87,0.815706,0.000303,5
control,DS-native (frozen),iou_free,88,0.815634,0.00026,5
control,DS-native (frozen),iou_free,89,0.81566,0.000446,5
control,DS-native (frozen),iou_free,90,0.815563,0.000269,5
control,DS-native (frozen),iou_free,91,0.815663,0.000379,5
control,DS-native (frozen),iou_free,92,0.815746,0.000153,5
control,DS-native (frozen),iou_free,93,0.815634,0.000361,5
control,DS-native (frozen),iou_free,94,0.815663,0.000109,5
control,DS-native (frozen),iou_free,95,0.81558,0.000269,5
control,DS-native (frozen),iou_free,96,0.81572,0.00034,5
control,DS-native (frozen),iou_free,97,0.815829,0.000209,5
control,DS-native (frozen),iou_free,98,0.815797,0.000356,5
control,DS-native (frozen),iou_free,99,0.815633,0.000347,5
control,DS-native (frozen),iou_free,100,0.815779,0.000377,5
control,DS-native (frozen),iou_non_free,1,0.879085,0.024153,5
control,DS-native (frozen),iou_non_free,2,0.923075,0.001594,5
control,DS-native (frozen),iou_non_free,3,0.930817,0.001288,5
control,DS-native (frozen),iou_non_free,4,0.934267,0.003126,5
control,DS-native (frozen),iou_non_free,5,0.934286,0.002492,5
control,DS-native (frozen),iou_non_free,6,0.938445,0.001898,5
control,DS-native (frozen),iou_non_free,7,0.93843,0.00097,5
control,DS-native (frozen),iou_non_free,8,0.937816,0.002344,5
control,DS-native (frozen),iou_non_free,9,0.940208,0.001665,5
control,DS-native (frozen),iou_non_free,10,0.941028,0.00169,5
control,DS-native (frozen),iou_non_free,11,0.941446,0.001463,5
control,DS-native (frozen),iou_non_free,12,0.942159,0.000863,5
control,DS-native (frozen),iou_non_free,13,0.942026,0.000798,5
control,DS-native (frozen),iou_non_free,14,0.942054,0.001676,5
control,DS-native (frozen),iou_non_free,15,0.942057,0.001347,5
control,DS-native (frozen),iou_non_free,16,0.942864,0.000773,5
control,DS-native (frozen),iou_non_free,17,0.943026,0.001324,5
control,DS-native (frozen),iou_non_free,18,0.942987,0.000783,5
control,DS-native (frozen),iou_non_free,19,0.942977,0.000828,5
control,DS-native (frozen),iou_non_free,20,0.942808,0.00137,5
control,DS-native (frozen),iou_non_free,21,0.942809,0.001025,5
control,DS-native (frozen),iou_non_free,22,0.943576,0.000824,5
control,DS-native (frozen),iou_non_free,23,0.943636,0.000802,5
control,DS-native (frozen),iou_non_free,24,0.943192,0.000732,5
control,DS-native (frozen),iou_non_free,25,0.943796,0.000661,5
control,DS-native (frozen),iou_non_free,26,0.943343,0.000654,5
control,DS-native (frozen),iou_non_free,27,0.943526,0.00051,5
control,DS-native (frozen),iou_non_free,28,0.943676,0.000952,5
control,DS-native (frozen),iou_non_free,29,0.943744,0.000745,5
control,DS-native (frozen),iou_non_free,30,0.944064,0.000747,5
control,DS-native (frozen),iou_non_free,31,0.94388,0.000716,5
control,DS-native (frozen),iou_non_free,32,0.944003,0.000449,5
control,DS-native (frozen),iou_non_free,33,0.943863,0.000605,5
control,DS-native (frozen),iou_non_free,34,0.944183,0.000443,5
control,DS-native (frozen),iou_non_free,35,0.944097,0.000582,5
control,DS-native (frozen),iou_non_free,36,0.944191,0.000778,5
control,DS-native (frozen),iou_non_free,37,0.944305,0.000922,5
control,DS-native (frozen),iou_non_free,38,0.94421,0.00079,5
control,DS-native (frozen),iou_non_free,39,0.944737,0.000865,5
control,DS-native (frozen),iou_non_free,40,0.944434,0.000646,5
control,DS-native (frozen),iou_non_free,41,0.944743,0.000385,5
control,DS-native (frozen),iou_non_free,42,0.944305,0.000311,5
control,DS-native (frozen),iou_non_free,43,0.944176,0.000544,5
control,DS-native (frozen),iou_non_free,44,0.944525,0.000481,5
control,DS-native (frozen),iou_non_free,45,0.944662,0.001117,5
control,DS-native (frozen),iou_non_free,46,0.944801,0.00059,5
control,DS-native (frozen),iou_non_free,47,0.944668,0.000467,5
control,DS-native (frozen),iou_non_free,48,0.944578,0.000561,5
control,DS-native (frozen),iou_non_free,49,0.944808,0.000822,5
control,DS-native (frozen),iou_non_free,50,0.944963,0.000408,5
control,DS-native (frozen),iou_non_free,51,0.944818,0.000347,5
control,DS-native (frozen),iou_non_free,52,0.944953,0.000649,5
control,DS-native (frozen),iou_non_free,53,0.944589,0.000549,5
control,DS-native (frozen),iou_non_free,54,0.944699,0.000424,5
control,DS-native (frozen),iou_non_free,55,0.944874,0.000454,5
control,DS-native (frozen),iou_non_free,56,0.944671,0.000384,5
control,DS-native (frozen),iou_non_free,57,0.945096,0.000618,5
control,DS-native (frozen),iou_non_free,58,0.945119,0.000515,5
control,DS-native (frozen),iou_non_free,59,0.945014,0.000457,5
control,DS-native (frozen),iou_non_free,60,0.944865,0.000814,5
control,DS-native (frozen),iou_non_free,61,0.945215,0.000414,5
control,DS-native (frozen),iou_non_free,62,0.944819,0.000536,5
control,DS-native (frozen),iou_non_free,63,0.94527,0.000453,5
control,DS-native (frozen),iou_non_free,64,0.945049,0.000835,5
control,DS-native (frozen),iou_non_free,65,0.944913,0.000539,5
control,DS-native (frozen),iou_non_free,66,0.945123,0.000504,5
control,DS-native (frozen),iou_non_free,67,0.945147,0.000373,5
control,DS-native (frozen),iou_non_free,68,0.94507,0.000648,5
control,DS-native (frozen),iou_non_free,69,0.945253,0.000451,5
control,DS-native (frozen),iou_non_free,70,0.945041,0.000434,5
control,DS-native (frozen),iou_non_free,71,0.945199,0.000622,5
control,DS-native (frozen),iou_non_free,72,0.945057,0.000225,5
control,DS-native (frozen),iou_non_free,73,0.945291,0.000506,5
control,DS-native (frozen),iou_non_free,74,0.945165,0.000164,5
control,DS-native (frozen),iou_non_free,75,0.945352,0.000629,5
control,DS-native (frozen),iou_non_free,76,0.945133,0.000518,5
control,DS-native (frozen),iou_non_free,77,0.945413,0.000525,5
control,DS-native (frozen),iou_non_free,78,0.945238,0.00047,5
control,DS-native (frozen),iou_non_free,79,0.945257,0.000572,5
control,DS-native (frozen),iou_non_free,80,0.945264,0.000381,5
control,DS-native (frozen),iou_non_free,81,0.945309,0.000512,5
control,DS-native (frozen),iou_non_free,82,0.945319,0.000482,5
control,DS-native (frozen),iou_non_free,83,0.945387,0.0006,5
control,DS-native (frozen),iou_non_free,84,0.945332,0.000433,5
control,DS-native (frozen),iou_non_free,85,0.945303,0.000488,5
control,DS-native (frozen),iou_non_free,86,0.945399,0.000447,5
control,DS-native (frozen),iou_non_free,87,0.945401,0.000571,5
control,DS-native (frozen),iou_non_free,88,0.945402,0.000431,5
control,DS-native (frozen),iou_non_free,89,0.945454,0.00053,5
control,DS-native (frozen),iou_non_free,90,0.945428,0.000485,5
control,DS-native (frozen),iou_non_free,91,0.945402,0.000461,5
control,DS-native (frozen),iou_non_free,92,0.945376,0.000511,5
control,DS-native (frozen),iou_non_free,93,0.945401,0.000425,5
control,DS-native (frozen),iou_non_free,94,0.945383,0.000417,5
control,DS-native (frozen),iou_non_free,95,0.945373,0.000494,5
control,DS-native (frozen),iou_non_free,96,0.945423,0.000451,5
control,DS-native (frozen),iou_non_free,97,0.945464,0.000398,5
control,DS-native (frozen),iou_non_free,98,0.945424,0.000418,5
control,DS-native (frozen),iou_non_free,99,0.945386,0.00047,5
control,DS-native (frozen),iou_non_free,100,0.945432,0.000484,5
control,DS-native (frozen),precision,1,0.695428,0.059583,5
control,DS-native (frozen),precision,2,0.820567,0.011467,5
control,DS-native (frozen),precision,3,0.856004,0.009212,5
control,DS-native (frozen),precision,4,0.866619,0.017242,5
control,DS-native (frozen),precision,5,0.86336,0.017138,5
control,DS-native (frozen),precision,6,0.876357,0.013561,5
control,DS-native (frozen),precision,7,0.870685,0.009854,5
control,DS-native (frozen),precision,8,0.863839,0.012564,5
control,DS-native (frozen),precision,9,0.873925,0.004574,5
control,DS-native (frozen),precision,10,0.873028,0.002992,5
control,DS-native (frozen),precision,11,0.873834,0.002423,5
control,DS-native (frozen),precision,12,0.876717,0.003084,5
control,DS-native (frozen),precision,13,0.873148,0.004283,5
control,DS-native (frozen),precision,14,0.870751,0.009003,5
control,DS-native (frozen),precision,15,0.87507,0.004313,5
control,DS-native (frozen),precision,16,0.876006,0.004497,5
control,DS-native (frozen),precision,17,0.87692,0.008457,5
control,DS-native (frozen),precision,18,0.875719,0.00523,5
control,DS-native (frozen),precision,19,0.875256,0.003055,5
control,DS-native (frozen),precision,20,0.873866,0.004672,5
control,DS-native (frozen),precision,21,0.872346,0.003084,5
control,DS-native (frozen),precision,22,0.877105,0.003502,5
control,DS-native (frozen),precision,23,0.878235,0.00558,5
control,DS-native (frozen),precision,24,0.874317,0.00223,5
control,DS-native (frozen),precision,25,0.875859,0.003427,5
control,DS-native (frozen),precision,26,0.876462,0.003596,5
control,DS-native (frozen),precision,27,0.874927,0.003124,5
control,DS-native (frozen),precision,28,0.87726,0.001645,5
control,DS-native (frozen),precision,29,0.87735,0.001887,5
control,DS-native (frozen),precision,30,0.878716,0.002115,5
control,DS-native (frozen),precision,31,0.876947,0.005675,5
control,DS-native (frozen),precision,32,0.87782,0.003282,5
control,DS-native (frozen),precision,33,0.876202,0.003449,5
control,DS-native (frozen),precision,34,0.879852,0.006109,5
control,DS-native (frozen),precision,35,0.877353,0.002698,5
control,DS-native (frozen),precision,36,0.879401,0.005473,5
control,DS-native (frozen),precision,37,0.877726,0.004754,5
control,DS-native (frozen),precision,38,0.879787,0.00293,5
control,DS-native (frozen),precision,39,0.880461,0.003552,5
control,DS-native (frozen),precision,40,0.880995,0.001657,5
control,DS-native (frozen),precision,41,0.88091,0.001768,5
control,DS-native (frozen),precision,42,0.878762,0.006161,5
control,DS-native (frozen),precision,43,0.877611,0.002231,5
control,DS-native (frozen),precision,44,0.88151,0.003759,5
control,DS-native (frozen),precision,45,0.879984,0.004587,5
control,DS-native (frozen),precision,46,0.882076,0.001732,5
control,DS-native (frozen),precision,47,0.879988,0.00078,5
control,DS-native (frozen),precision,48,0.87934,0.001157,5
control,DS-native (frozen),precision,49,0.880733,0.002644,5
control,DS-native (frozen),precision,50,0.880102,0.002312,5
control,DS-native (frozen),precision,51,0.880627,0.004624,5
control,DS-native (frozen),precision,52,0.881304,0.001259,5
control,DS-native (frozen),precision,53,0.879058,0.003302,5
control,DS-native (frozen),precision,54,0.879412,0.003157,5
control,DS-native (frozen),precision,55,0.881468,0.002985,5
control,DS-native (frozen),precision,56,0.878913,0.001999,5
control,DS-native (frozen),precision,57,0.881091,0.004239,5
control,DS-native (frozen),precision,58,0.88205,0.001925,5
control,DS-native (frozen),precision,59,0.881335,0.001451,5
control,DS-native (frozen),precision,60,0.8796,0.002761,5
control,DS-native (frozen),precision,61,0.882399,0.001318,5
control,DS-native (frozen),precision,62,0.880578,0.003317,5
control,DS-native (frozen),precision,63,0.882612,0.001896,5
control,DS-native (frozen),precision,64,0.880859,0.001585,5
control,DS-native (frozen),precision,65,0.881374,0.00111,5
control,DS-native (frozen),precision,66,0.880607,0.001851,5
control,DS-native (frozen),precision,67,0.880886,0.002491,5
control,DS-native (frozen),precision,68,0.882101,0.001791,5
control,DS-native (frozen),precision,69,0.882832,0.001819,5
control,DS-native (frozen),precision,70,0.8809,0.001854,5
control,DS-native (frozen),precision,71,0.882858,0.00155,5
control,DS-native (frozen),precision,72,0.880568,0.002093,5
control,DS-native (frozen),precision,73,0.882293,0.000828,5
control,DS-native (frozen),precision,74,0.882259,0.001911,5
control,DS-native (frozen),precision,75,0.882001,0.001636,5
control,DS-native (frozen),precision,76,0.881179,0.000895,5
control,DS-native (frozen),precision,77,0.88357,0.001034,5
control,DS-native (frozen),precision,78,0.881425,0.001762,5
control,DS-native (frozen),precision,79,0.881493,0.001578,5
control,DS-native (frozen),precision,80,0.881574,0.000965,5
control,DS-native (frozen),precision,81,0.882705,0.001393,5
control,DS-native (frozen),precision,82,0.882348,0.00135,5
control,DS-native (frozen),precision,83,0.882461,0.000989,5
control,DS-native (frozen),precision,84,0.88258,0.000551,5
control,DS-native (frozen),precision,85,0.882511,0.000902,5
control,DS-native (frozen),precision,86,0.882949,0.001384,5
control,DS-native (frozen),precision,87,0.882752,0.000628,5
control,DS-native (frozen),precision,88,0.882114,0.001062,5
control,DS-native (frozen),precision,89,0.883231,0.000715,5
control,DS-native (frozen),precision,90,0.882767,0.000877,5
control,DS-native (frozen),precision,91,0.882631,0.000575,5
control,DS-native (frozen),precision,92,0.882341,0.000738,5
control,DS-native (frozen),precision,93,0.882455,0.001091,5
control,DS-native (frozen),precision,94,0.88236,0.000858,5
control,DS-native (frozen),precision,95,0.882266,0.000707,5
control,DS-native (frozen),precision,96,0.882769,0.001005,5
control,DS-native (frozen),precision,97,0.8828,0.000958,5
control,DS-native (frozen),precision,98,0.882707,0.00115,5
control,DS-native (frozen),precision,99,0.882519,0.000708,5
control,DS-native (frozen),precision,100,0.882551,0.000483,5
control,DS-native (frozen),recall,1,0.92195,0.011354,5
control,DS-native (frozen),recall,2,0.908675,0.012259,5
control,DS-native (frozen),recall,3,0.891898,0.008867,5
control,DS-native (frozen),recall,4,0.892201,0.01627,5
control,DS-native (frozen),recall,5,0.901998,0.016904,5
control,DS-native (frozen),recall,6,0.899092,0.009519,5
control,DS-native (frozen),recall,7,0.903603,0.012505,5
control,DS-native (frozen),recall,8,0.915315,0.015187,5
control,DS-native (frozen),recall,9,0.909795,0.003917,5
control,DS-native (frozen),recall,10,0.913047,0.003502,5
control,DS-native (frozen),recall,11,0.913329,0.001465,5
control,DS-native (frozen),recall,12,0.910868,0.003622,5
control,DS-native (frozen),recall,13,0.916513,0.003416,5
control,DS-native (frozen),recall,14,0.917779,0.004592,5
control,DS-native (frozen),recall,15,0.913958,0.006669,5
control,DS-native (frozen),recall,16,0.914351,0.005174,5
control,DS-native (frozen),recall,17,0.914873,0.007902,5
control,DS-native (frozen),recall,18,0.915452,0.003938,5
control,DS-native (frozen),recall,19,0.917366,0.002133,5
control,DS-native (frozen),recall,20,0.917424,0.003157,5
control,DS-native (frozen),recall,21,0.919792,0.004098,5
control,DS-native (frozen),recall,22,0.915965,0.003701,5
control,DS-native (frozen),recall,23,0.91566,0.005736,5
control,DS-native (frozen),recall,24,0.919702,0.002232,5
control,DS-native (frozen),recall,25,0.918904,0.003357,5
control,DS-native (frozen),recall,26,0.916687,0.003548,5
control,DS-native (frozen),recall,27,0.9195,0.004551,5
control,DS-native (frozen),recall,28,0.916925,0.00244,5
control,DS-native (frozen),recall,29,0.917604,0.000894,5
control,DS-native (frozen),recall,30,0.916167,0.00102,5
control,DS-native (frozen),recall,31,0.918573,0.004418,5
control,DS-native (frozen),recall,32,0.91737,0.003123,5
control,DS-native (frozen),recall,33,0.9189,0.001893,5
control,DS-native (frozen),recall,34,0.915576,0.005218,5
control,DS-native (frozen),recall,35,0.918487,0.002384,5
control,DS-native (frozen),recall,36,0.915983,0.005325,5
control,DS-native (frozen),recall,37,0.918343,0.0035,5
control,DS-native (frozen),recall,38,0.915947,0.003324,5
control,DS-native (frozen),recall,39,0.915943,0.003195,5
control,DS-native (frozen),recall,40,0.914905,0.000864,5
control,DS-native (frozen),recall,41,0.916678,0.001724,5
control,DS-native (frozen),recall,42,0.917661,0.006067,5
control,DS-native (frozen),recall,43,0.917767,0.002365,5
control,DS-native (frozen),recall,44,0.915088,0.003229,5
control,DS-native (frozen),recall,45,0.917179,0.003845,5
control,DS-native (frozen),recall,46,0.915212,0.002121,5
control,DS-native (frozen),recall,47,0.917293,0.000996,5
control,DS-native (frozen),recall,48,0.91818,0.002006,5
control,DS-native (frozen),recall,49,0.916726,0.00147,5
control,DS-native (frozen),recall,50,0.917972,0.002646,5
control,DS-native (frozen),recall,51,0.917042,0.003775,5
control,DS-native (frozen),recall,52,0.91626,0.001538,5
control,DS-native (frozen),recall,53,0.917864,0.002585,5
control,DS-native (frozen),recall,54,0.917642,0.002871,5
control,DS-native (frozen),recall,55,0.915831,0.002547,5
control,DS-native (frozen),recall,56,0.918089,0.003138,5
control,DS-native (frozen),recall,57,0.917256,0.003312,5
control,DS-native (frozen),recall,58,0.916309,0.001957,5
control,DS-native (frozen),recall,59,0.916484,0.001387,5
control,DS-native (frozen),recall,60,0.918505,0.002031,5
control,DS-native (frozen),recall,61,0.916,0.001597,5
control,DS-native (frozen),recall,62,0.916797,0.003075,5
control,DS-native (frozen),recall,63,0.915978,0.002639,5
control,DS-native (frozen),recall,64,0.917761,0.001234,5
control,DS-native (frozen),recall,65,0.916188,0.001636,5
control,DS-native (frozen),recall,66,0.91835,0.002015,5
control,DS-native (frozen),recall,67,0.917706,0.002465,5
control,DS-native (frozen),recall,68,0.916103,0.001991,5
control,DS-native (frozen),recall,69,0.915843,0.001543,5
control,DS-native (frozen),recall,70,0.917264,0.001907,5
control,DS-native (frozen),recall,71,0.915555,0.002031,5
control,DS-native (frozen),recall,72,0.918049,0.001601,5
control,DS-native (frozen),recall,73,0.916549,0.001137,5
control,DS-native (frozen),recall,74,0.916522,0.001358,5
control,DS-native (frozen),recall,75,0.91714,0.001444,5
control,DS-native (frozen),recall,76,0.917335,0.000519,5
control,DS-native (frozen),recall,77,0.915482,0.001472,5
control,DS-native (frozen),recall,78,0.917391,0.001113,5
control,DS-native (frozen),recall,79,0.91754,0.001446,5
control,DS-native (frozen),recall,80,0.917363,0.001151,5
control,DS-native (frozen),recall,81,0.9163,0.001149,5
control,DS-native (frozen),recall,82,0.916647,0.001178,5
control,DS-native (frozen),recall,83,0.916784,0.001122,5
control,DS-native (frozen),recall,84,0.916378,0.000654,5
control,DS-native (frozen),recall,85,0.916423,0.00065,5
control,DS-native (frozen),recall,86,0.916266,0.0009,5
control,DS-native (frozen),recall,87,0.916506,0.000316,5
control,DS-native (frozen),recall,88,0.917141,0.001398,5
control,DS-native (frozen),recall,89,0.915964,0.000586,5
control,DS-native (frozen),recall,90,0.916331,0.000988,5
control,DS-native (frozen),recall,91,0.916587,0.000795,5
control,DS-native (frozen),recall,92,0.916973,0.000746,5
control,DS-native (frozen),recall,93,0.916747,0.001248,5
control,DS-native (frozen),recall,94,0.916859,0.000982,5
control,DS-native (frozen),recall,95,0.916868,0.000801,5
control,DS-native (frozen),recall,96,0.916483,0.001197,5
control,DS-native (frozen),recall,97,0.916606,0.001063,5
control,DS-native (frozen),recall,98,0.916666,0.00109,5
control,DS-native (frozen),recall,99,0.916665,0.000802,5
control,DS-native (frozen),recall,100,0.916802,0.000687,5
control,DS-native (frozen),bf_10cm,1,0.351601,0.047895,5
control,DS-native (frozen),bf_10cm,2,0.506103,0.007225,5
control,DS-native (frozen),bf_10cm,3,0.535131,0.012937,5
control,DS-native (frozen),bf_10cm,4,0.553107,0.016741,5
control,DS-native (frozen),bf_10cm,5,0.562769,0.016615,5
control,DS-native (frozen),bf_10cm,6,0.574323,0.010236,5
control,DS-native (frozen),bf_10cm,7,0.576603,0.006522,5
control,DS-native (frozen),bf_10cm,8,0.577266,0.013477,5
control,DS-native (frozen),bf_10cm,9,0.583975,0.011975,5
control,DS-native (frozen),bf_10cm,10,0.59086,0.008538,5
control,DS-native (frozen),bf_10cm,11,0.599777,0.008,5
control,DS-native (frozen),bf_10cm,12,0.590883,0.007654,5
control,DS-native (frozen),bf_10cm,13,0.595888,0.008441,5
control,DS-native (frozen),bf_10cm,14,0.595841,0.022089,5
control,DS-native (frozen),bf_10cm,15,0.598858,0.007882,5
control,DS-native (frozen),bf_10cm,16,0.600639,0.006329,5
control,DS-native (frozen),bf_10cm,17,0.597907,0.008302,5
control,DS-native (frozen),bf_10cm,18,0.602755,0.006176,5
control,DS-native (frozen),bf_10cm,19,0.601708,0.00081,5
control,DS-native (frozen),bf_10cm,20,0.601201,0.009521,5
control,DS-native (frozen),bf_10cm,21,0.600777,0.003341,5
control,DS-native (frozen),bf_10cm,22,0.604701,0.006967,5
control,DS-native (frozen),bf_10cm,23,0.606932,0.007269,5
control,DS-native (frozen),bf_10cm,24,0.604464,0.003109,5
control,DS-native (frozen),bf_10cm,25,0.605764,0.004839,5
control,DS-native (frozen),bf_10cm,26,0.604375,0.00401,5
control,DS-native (frozen),bf_10cm,27,0.606763,0.005544,5
control,DS-native (frozen),bf_10cm,28,0.606771,0.007025,5
control,DS-native (frozen),bf_10cm,29,0.606871,0.00393,5
control,DS-native (frozen),bf_10cm,30,0.608765,0.003392,5
control,DS-native (frozen),bf_10cm,31,0.606983,0.004396,5
control,DS-native (frozen),bf_10cm,32,0.610833,0.003772,5
control,DS-native (frozen),bf_10cm,33,0.607508,0.006902,5
control,DS-native (frozen),bf_10cm,34,0.610126,0.003628,5
control,DS-native (frozen),bf_10cm,35,0.609539,0.00695,5
control,DS-native (frozen),bf_10cm,36,0.609117,0.003708,5
control,DS-native (frozen),bf_10cm,37,0.610018,0.004093,5
control,DS-native (frozen),bf_10cm,38,0.608624,0.0035,5
control,DS-native (frozen),bf_10cm,39,0.613983,0.006942,5
control,DS-native (frozen),bf_10cm,40,0.611251,0.003003,5
control,DS-native (frozen),bf_10cm,41,0.611234,0.004545,5
control,DS-native (frozen),bf_10cm,42,0.610259,0.004874,5
control,DS-native (frozen),bf_10cm,43,0.607868,0.004433,5
control,DS-native (frozen),bf_10cm,44,0.611306,0.002082,5
control,DS-native (frozen),bf_10cm,45,0.612372,0.005327,5
control,DS-native (frozen),bf_10cm,46,0.612059,0.002299,5
control,DS-native (frozen),bf_10cm,47,0.613268,0.001723,5
control,DS-native (frozen),bf_10cm,48,0.613688,0.002101,5
control,DS-native (frozen),bf_10cm,49,0.61313,0.003583,5
control,DS-native (frozen),bf_10cm,50,0.613403,0.003722,5
control,DS-native (frozen),bf_10cm,51,0.613391,0.006046,5
control,DS-native (frozen),bf_10cm,52,0.612313,0.005176,5
control,DS-native (frozen),bf_10cm,53,0.609883,0.005132,5
control,DS-native (frozen),bf_10cm,54,0.60893,0.005288,5
control,DS-native (frozen),bf_10cm,55,0.610799,0.006129,5
control,DS-native (frozen),bf_10cm,56,0.609844,0.003322,5
control,DS-native (frozen),bf_10cm,57,0.612643,0.003804,5
control,DS-native (frozen),bf_10cm,58,0.612989,0.006127,5
control,DS-native (frozen),bf_10cm,59,0.611845,0.003114,5
control,DS-native (frozen),bf_10cm,60,0.611644,0.004751,5
control,DS-native (frozen),bf_10cm,61,0.615067,0.005714,5
control,DS-native (frozen),bf_10cm,62,0.610947,0.006188,5
control,DS-native (frozen),bf_10cm,63,0.614035,0.00414,5
control,DS-native (frozen),bf_10cm,64,0.613467,0.004374,5
control,DS-native (frozen),bf_10cm,65,0.611804,0.004374,5
control,DS-native (frozen),bf_10cm,66,0.613232,0.004899,5
control,DS-native (frozen),bf_10cm,67,0.613642,0.003856,5
control,DS-native (frozen),bf_10cm,68,0.613745,0.005095,5
control,DS-native (frozen),bf_10cm,69,0.613249,0.003695,5
control,DS-native (frozen),bf_10cm,70,0.612553,0.003499,5
control,DS-native (frozen),bf_10cm,71,0.614595,0.00536,5
control,DS-native (frozen),bf_10cm,72,0.611849,0.004735,5
control,DS-native (frozen),bf_10cm,73,0.613698,0.00522,5
control,DS-native (frozen),bf_10cm,74,0.612892,0.004286,5
control,DS-native (frozen),bf_10cm,75,0.612708,0.003447,5
control,DS-native (frozen),bf_10cm,76,0.613125,0.004703,5
control,DS-native (frozen),bf_10cm,77,0.614376,0.004865,5
control,DS-native (frozen),bf_10cm,78,0.613711,0.005477,5
control,DS-native (frozen),bf_10cm,79,0.61304,0.004343,5
control,DS-native (frozen),bf_10cm,80,0.61395,0.004132,5
control,DS-native (frozen),bf_10cm,81,0.613309,0.002953,5
control,DS-native (frozen),bf_10cm,82,0.613842,0.00392,5
control,DS-native (frozen),bf_10cm,83,0.614041,0.004485,5
control,DS-native (frozen),bf_10cm,84,0.613434,0.006248,5
control,DS-native (frozen),bf_10cm,85,0.614519,0.003648,5
control,DS-native (frozen),bf_10cm,86,0.614007,0.003149,5
control,DS-native (frozen),bf_10cm,87,0.613789,0.0057,5
control,DS-native (frozen),bf_10cm,88,0.613955,0.003251,5
control,DS-native (frozen),bf_10cm,89,0.613794,0.003942,5
control,DS-native (frozen),bf_10cm,90,0.613433,0.005146,5
control,DS-native (frozen),bf_10cm,91,0.613947,0.004031,5
control,DS-native (frozen),bf_10cm,92,0.613448,0.004692,5
control,DS-native (frozen),bf_10cm,93,0.61336,0.004731,5
control,DS-native (frozen),bf_10cm,94,0.612787,0.004946,5
control,DS-native (frozen),bf_10cm,95,0.613466,0.005089,5
control,DS-native (frozen),bf_10cm,96,0.613742,0.004053,5
control,DS-native (frozen),bf_10cm,97,0.614306,0.004554,5
control,DS-native (frozen),bf_10cm,98,0.613865,0.004574,5
control,DS-native (frozen),bf_10cm,99,0.613337,0.004019,5
control,DS-native (frozen),bf_10cm,100,0.614129,0.004175,5
control,DS-native (frozen),bf_20cm,1,0.581055,0.05114,5
control,DS-native (frozen),bf_20cm,2,0.749928,0.007563,5
control,DS-native (frozen),bf_20cm,3,0.779244,0.012135,5
control,DS-native (frozen),bf_20cm,4,0.79176,0.015522,5
control,DS-native (frozen),bf_20cm,5,0.802148,0.004057,5
control,DS-native (frozen),bf_20cm,6,0.807659,0.013479,5
control,DS-native (frozen),bf_20cm,7,0.818165,0.004874,5
control,DS-native (frozen),bf_20cm,8,0.814663,0.007307,5
control,DS-native (frozen),bf_20cm,9,0.824226,0.012557,5
control,DS-native (frozen),bf_20cm,10,0.826932,0.006679,5
control,DS-native (frozen),bf_20cm,11,0.832341,0.007284,5
control,DS-native (frozen),bf_20cm,12,0.833053,0.005286,5
control,DS-native (frozen),bf_20cm,13,0.831804,0.003166,5
control,DS-native (frozen),bf_20cm,14,0.834956,0.009113,5
control,DS-native (frozen),bf_20cm,15,0.832272,0.005255,5
control,DS-native (frozen),bf_20cm,16,0.834494,0.003405,5
control,DS-native (frozen),bf_20cm,17,0.832357,0.004111,5
control,DS-native (frozen),bf_20cm,18,0.833536,0.002945,5
control,DS-native (frozen),bf_20cm,19,0.836926,0.002491,5
control,DS-native (frozen),bf_20cm,20,0.832478,0.00321,5
control,DS-native (frozen),bf_20cm,21,0.832837,0.003339,5
control,DS-native (frozen),bf_20cm,22,0.834426,0.004613,5
control,DS-native (frozen),bf_20cm,23,0.83987,0.00291,5
control,DS-native (frozen),bf_20cm,24,0.833698,0.004828,5
control,DS-native (frozen),bf_20cm,25,0.83764,0.003218,5
control,DS-native (frozen),bf_20cm,26,0.835909,0.002913,5
control,DS-native (frozen),bf_20cm,27,0.835468,0.003319,5
control,DS-native (frozen),bf_20cm,28,0.837273,0.001376,5
control,DS-native (frozen),bf_20cm,29,0.834979,0.001451,5
control,DS-native (frozen),bf_20cm,30,0.83892,0.001856,5
control,DS-native (frozen),bf_20cm,31,0.833694,0.004134,5
control,DS-native (frozen),bf_20cm,32,0.83624,0.003001,5
control,DS-native (frozen),bf_20cm,33,0.835319,0.005148,5
control,DS-native (frozen),bf_20cm,34,0.836641,0.002713,5
control,DS-native (frozen),bf_20cm,35,0.837,0.005162,5
control,DS-native (frozen),bf_20cm,36,0.836492,0.002126,5
control,DS-native (frozen),bf_20cm,37,0.834966,0.004938,5
control,DS-native (frozen),bf_20cm,38,0.834276,0.002502,5
control,DS-native (frozen),bf_20cm,39,0.838076,0.005757,5
control,DS-native (frozen),bf_20cm,40,0.8364,0.002158,5
control,DS-native (frozen),bf_20cm,41,0.838491,0.003296,5
control,DS-native (frozen),bf_20cm,42,0.834856,0.005422,5
control,DS-native (frozen),bf_20cm,43,0.835766,0.002011,5
control,DS-native (frozen),bf_20cm,44,0.83688,0.002321,5
control,DS-native (frozen),bf_20cm,45,0.838994,0.002695,5
control,DS-native (frozen),bf_20cm,46,0.838061,0.00245,5
control,DS-native (frozen),bf_20cm,47,0.837512,0.00439,5
control,DS-native (frozen),bf_20cm,48,0.838017,0.00508,5
control,DS-native (frozen),bf_20cm,49,0.837556,0.001741,5
control,DS-native (frozen),bf_20cm,50,0.839916,0.002206,5
control,DS-native (frozen),bf_20cm,51,0.836927,0.003396,5
control,DS-native (frozen),bf_20cm,52,0.838289,0.002457,5
control,DS-native (frozen),bf_20cm,53,0.836109,0.002031,5
control,DS-native (frozen),bf_20cm,54,0.835916,0.002298,5
control,DS-native (frozen),bf_20cm,55,0.836493,0.005038,5
control,DS-native (frozen),bf_20cm,56,0.835952,0.002815,5
control,DS-native (frozen),bf_20cm,57,0.837245,0.002129,5
control,DS-native (frozen),bf_20cm,58,0.839052,0.004201,5
control,DS-native (frozen),bf_20cm,59,0.838004,0.003588,5
control,DS-native (frozen),bf_20cm,60,0.838341,0.00395,5
control,DS-native (frozen),bf_20cm,61,0.839306,0.003711,5
control,DS-native (frozen),bf_20cm,62,0.837843,0.002268,5
control,DS-native (frozen),bf_20cm,63,0.837991,0.004748,5
control,DS-native (frozen),bf_20cm,64,0.83897,0.004048,5
control,DS-native (frozen),bf_20cm,65,0.837484,0.003304,5
control,DS-native (frozen),bf_20cm,66,0.838468,0.005047,5
control,DS-native (frozen),bf_20cm,67,0.838358,0.002538,5
control,DS-native (frozen),bf_20cm,68,0.838648,0.00439,5
control,DS-native (frozen),bf_20cm,69,0.837891,0.004264,5
control,DS-native (frozen),bf_20cm,70,0.838127,0.003677,5
control,DS-native (frozen),bf_20cm,71,0.838809,0.003391,5
control,DS-native (frozen),bf_20cm,72,0.838338,0.003829,5
control,DS-native (frozen),bf_20cm,73,0.838548,0.005056,5
control,DS-native (frozen),bf_20cm,74,0.838483,0.003022,5
control,DS-native (frozen),bf_20cm,75,0.839732,0.0036,5
control,DS-native (frozen),bf_20cm,76,0.839445,0.004871,5
control,DS-native (frozen),bf_20cm,77,0.839105,0.004414,5
control,DS-native (frozen),bf_20cm,78,0.83902,0.003803,5
control,DS-native (frozen),bf_20cm,79,0.838908,0.003954,5
control,DS-native (frozen),bf_20cm,80,0.838742,0.003667,5
control,DS-native (frozen),bf_20cm,81,0.839075,0.003775,5
control,DS-native (frozen),bf_20cm,82,0.839901,0.003296,5
control,DS-native (frozen),bf_20cm,83,0.839582,0.003752,5
control,DS-native (frozen),bf_20cm,84,0.839027,0.004495,5
control,DS-native (frozen),bf_20cm,85,0.838615,0.003635,5
control,DS-native (frozen),bf_20cm,86,0.838981,0.00332,5
control,DS-native (frozen),bf_20cm,87,0.839784,0.004858,5
control,DS-native (frozen),bf_20cm,88,0.839529,0.003573,5
control,DS-native (frozen),bf_20cm,89,0.840105,0.003301,5
control,DS-native (frozen),bf_20cm,90,0.839574,0.003847,5
control,DS-native (frozen),bf_20cm,91,0.838901,0.003191,5
control,DS-native (frozen),bf_20cm,92,0.839551,0.004481,5
control,DS-native (frozen),bf_20cm,93,0.839235,0.003693,5
control,DS-native (frozen),bf_20cm,94,0.838681,0.004224,5
control,DS-native (frozen),bf_20cm,95,0.839776,0.003732,5
control,DS-native (frozen),bf_20cm,96,0.839363,0.003594,5
control,DS-native (frozen),bf_20cm,97,0.839061,0.003944,5
control,DS-native (frozen),bf_20cm,98,0.83958,0.003658,5
control,DS-native (frozen),bf_20cm,99,0.839316,0.003761,5
control,DS-native (frozen),bf_20cm,100,0.839366,0.003857,5
control,DS-native (frozen),bf_30cm,1,0.687971,0.047682,5
control,DS-native (frozen),bf_30cm,2,0.832927,0.010639,5
control,DS-native (frozen),bf_30cm,3,0.861548,0.008143,5
control,DS-native (frozen),bf_30cm,4,0.86948,0.010465,5
control,DS-native (frozen),bf_30cm,5,0.876719,0.0043,5
control,DS-native (frozen),bf_30cm,6,0.878098,0.014424,5
control,DS-native (frozen),bf_30cm,7,0.890786,0.006659,5
control,DS-native (frozen),bf_30cm,8,0.891272,0.003955,5
control,DS-native (frozen),bf_30cm,9,0.895423,0.006104,5
control,DS-native (frozen),bf_30cm,10,0.89775,0.005145,5
control,DS-native (frozen),bf_30cm,11,0.899591,0.001056,5
control,DS-native (frozen),bf_30cm,12,0.900582,0.004699,5
control,DS-native (frozen),bf_30cm,13,0.897451,0.002021,5
control,DS-native (frozen),bf_30cm,14,0.902131,0.004776,5
control,DS-native (frozen),bf_30cm,15,0.900201,0.005101,5
control,DS-native (frozen),bf_30cm,16,0.901664,0.003508,5
control,DS-native (frozen),bf_30cm,17,0.90045,0.003251,5
control,DS-native (frozen),bf_30cm,18,0.900556,0.004753,5
control,DS-native (frozen),bf_30cm,19,0.903769,0.004696,5
control,DS-native (frozen),bf_30cm,20,0.900077,0.00219,5
control,DS-native (frozen),bf_30cm,21,0.899808,0.003336,5
control,DS-native (frozen),bf_30cm,22,0.900535,0.002038,5
control,DS-native (frozen),bf_30cm,23,0.904014,0.00308,5
control,DS-native (frozen),bf_30cm,24,0.900965,0.003451,5
control,DS-native (frozen),bf_30cm,25,0.90263,0.003823,5
control,DS-native (frozen),bf_30cm,26,0.903808,0.003079,5
control,DS-native (frozen),bf_30cm,27,0.901673,0.004536,5
control,DS-native (frozen),bf_30cm,28,0.902808,0.002939,5
control,DS-native (frozen),bf_30cm,29,0.901969,0.002916,5
control,DS-native (frozen),bf_30cm,30,0.903124,0.003465,5
control,DS-native (frozen),bf_30cm,31,0.901488,0.004706,5
control,DS-native (frozen),bf_30cm,32,0.903223,0.003062,5
control,DS-native (frozen),bf_30cm,33,0.902886,0.003573,5
control,DS-native (frozen),bf_30cm,34,0.90217,0.003128,5
control,DS-native (frozen),bf_30cm,35,0.903605,0.003862,5
control,DS-native (frozen),bf_30cm,36,0.902316,0.003674,5
control,DS-native (frozen),bf_30cm,37,0.902659,0.002071,5
control,DS-native (frozen),bf_30cm,38,0.900809,0.001349,5
control,DS-native (frozen),bf_30cm,39,0.902443,0.004812,5
control,DS-native (frozen),bf_30cm,40,0.901686,0.002686,5
control,DS-native (frozen),bf_30cm,41,0.903122,0.002739,5
control,DS-native (frozen),bf_30cm,42,0.901557,0.004399,5
control,DS-native (frozen),bf_30cm,43,0.901566,0.004014,5
control,DS-native (frozen),bf_30cm,44,0.901521,0.001606,5
control,DS-native (frozen),bf_30cm,45,0.902219,0.003496,5
control,DS-native (frozen),bf_30cm,46,0.902581,0.003504,5
control,DS-native (frozen),bf_30cm,47,0.903291,0.002997,5
control,DS-native (frozen),bf_30cm,48,0.903976,0.004292,5
control,DS-native (frozen),bf_30cm,49,0.901256,0.00305,5
control,DS-native (frozen),bf_30cm,50,0.904091,0.002784,5
control,DS-native (frozen),bf_30cm,51,0.901882,0.003597,5
control,DS-native (frozen),bf_30cm,52,0.90326,0.00344,5
control,DS-native (frozen),bf_30cm,53,0.900834,0.00238,5
control,DS-native (frozen),bf_30cm,54,0.902214,0.002729,5
control,DS-native (frozen),bf_30cm,55,0.901926,0.002772,5
control,DS-native (frozen),bf_30cm,56,0.901353,0.003354,5
control,DS-native (frozen),bf_30cm,57,0.90286,0.002274,5
control,DS-native (frozen),bf_30cm,58,0.902563,0.002586,5
control,DS-native (frozen),bf_30cm,59,0.903073,0.002766,5
control,DS-native (frozen),bf_30cm,60,0.902431,0.003696,5
control,DS-native (frozen),bf_30cm,61,0.902838,0.003069,5
control,DS-native (frozen),bf_30cm,62,0.902012,0.002457,5
control,DS-native (frozen),bf_30cm,63,0.902123,0.003772,5
control,DS-native (frozen),bf_30cm,64,0.903011,0.00297,5
control,DS-native (frozen),bf_30cm,65,0.901988,0.003417,5
control,DS-native (frozen),bf_30cm,66,0.903009,0.003769,5
control,DS-native (frozen),bf_30cm,67,0.902224,0.002312,5
control,DS-native (frozen),bf_30cm,68,0.902428,0.003298,5
control,DS-native (frozen),bf_30cm,69,0.902452,0.003207,5
control,DS-native (frozen),bf_30cm,70,0.902834,0.002954,5
control,DS-native (frozen),bf_30cm,71,0.902306,0.00306,5
control,DS-native (frozen),bf_30cm,72,0.90262,0.003427,5
control,DS-native (frozen),bf_30cm,73,0.903192,0.003599,5
control,DS-native (frozen),bf_30cm,74,0.902507,0.003138,5
control,DS-native (frozen),bf_30cm,75,0.903614,0.003751,5
control,DS-native (frozen),bf_30cm,76,0.903291,0.004316,5
control,DS-native (frozen),bf_30cm,77,0.903121,0.003164,5
control,DS-native (frozen),bf_30cm,78,0.903465,0.003277,5
control,DS-native (frozen),bf_30cm,79,0.902846,0.003052,5
control,DS-native (frozen),bf_30cm,80,0.902774,0.002978,5
control,DS-native (frozen),bf_30cm,81,0.902873,0.003775,5
control,DS-native (frozen),bf_30cm,82,0.90398,0.003256,5
control,DS-native (frozen),bf_30cm,83,0.903629,0.003125,5
control,DS-native (frozen),bf_30cm,84,0.903211,0.003737,5
control,DS-native (frozen),bf_30cm,85,0.902807,0.003765,5
control,DS-native (frozen),bf_30cm,86,0.90323,0.002707,5
control,DS-native (frozen),bf_30cm,87,0.90367,0.003812,5
control,DS-native (frozen),bf_30cm,88,0.903051,0.003571,5
control,DS-native (frozen),bf_30cm,89,0.90359,0.003361,5
control,DS-native (frozen),bf_30cm,90,0.903085,0.003395,5
control,DS-native (frozen),bf_30cm,91,0.902575,0.003242,5
control,DS-native (frozen),bf_30cm,92,0.903567,0.003332,5
control,DS-native (frozen),bf_30cm,93,0.903556,0.003825,5
control,DS-native (frozen),bf_30cm,94,0.903126,0.003254,5
control,DS-native (frozen),bf_30cm,95,0.903148,0.003288,5
control,DS-native (frozen),bf_30cm,96,0.903562,0.00292,5
control,DS-native (frozen),bf_30cm,97,0.903049,0.003311,5
control,DS-native (frozen),bf_30cm,98,0.903358,0.003124,5
control,DS-native (frozen),bf_30cm,99,0.903428,0.003001,5
control,DS-native (frozen),bf_30cm,100,0.903668,0.002988,5
source_prior,SynWoodScape pretrain,iou_free,1,0.379228,0.016091,5
source_prior,SynWoodScape pretrain,iou_free,2,0.724288,0.012449,5
source_prior,SynWoodScape pretrain,iou_free,3,0.766846,0.002278,5
source_prior,SynWoodScape pretrain,iou_free,4,0.785336,0.003632,5
source_prior,SynWoodScape pretrain,iou_free,5,0.787638,0.002589,5
source_prior,SynWoodScape pretrain,iou_free,6,0.793255,0.003869,5
source_prior,SynWoodScape pretrain,iou_free,7,0.791116,0.004208,5
source_prior,SynWoodScape pretrain,iou_free,8,0.795629,0.001681,5
source_prior,SynWoodScape pretrain,iou_free,9,0.797454,0.002563,5
source_prior,SynWoodScape pretrain,iou_free,10,0.799713,0.002093,5
source_prior,SynWoodScape pretrain,iou_free,11,0.800809,0.002474,5
source_prior,SynWoodScape pretrain,iou_free,12,0.799855,0.002589,5
source_prior,SynWoodScape pretrain,iou_free,13,0.801853,0.002899,5
source_prior,SynWoodScape pretrain,iou_free,14,0.802184,0.001306,5
source_prior,SynWoodScape pretrain,iou_free,15,0.801185,0.003359,5
source_prior,SynWoodScape pretrain,iou_free,16,0.802757,0.001971,5
source_prior,SynWoodScape pretrain,iou_free,17,0.803144,0.002058,5
source_prior,SynWoodScape pretrain,iou_free,18,0.803899,0.001392,5
source_prior,SynWoodScape pretrain,iou_free,19,0.80475,0.003201,5
source_prior,SynWoodScape pretrain,iou_free,20,0.803689,0.001586,5
source_prior,SynWoodScape pretrain,iou_free,21,0.803799,0.001994,5
source_prior,SynWoodScape pretrain,iou_free,22,0.804779,0.001161,5
source_prior,SynWoodScape pretrain,iou_free,23,0.805156,0.002476,5
source_prior,SynWoodScape pretrain,iou_free,24,0.806189,0.002527,5
source_prior,SynWoodScape pretrain,iou_free,25,0.805495,0.003367,5
source_prior,SynWoodScape pretrain,iou_free,26,0.804594,0.001527,5
source_prior,SynWoodScape pretrain,iou_free,27,0.806661,0.003002,5
source_prior,SynWoodScape pretrain,iou_free,28,0.805342,0.002289,5
source_prior,SynWoodScape pretrain,iou_free,29,0.805881,0.00172,5
source_prior,SynWoodScape pretrain,iou_free,30,0.805705,0.001917,5
source_prior,SynWoodScape pretrain,iou_free,31,0.806299,0.001613,5
source_prior,SynWoodScape pretrain,iou_free,32,0.80575,0.002712,5
source_prior,SynWoodScape pretrain,iou_free,33,0.806236,0.002416,5
source_prior,SynWoodScape pretrain,iou_free,34,0.806396,0.002205,5
source_prior,SynWoodScape pretrain,iou_free,35,0.806957,0.002567,5
source_prior,SynWoodScape pretrain,iou_free,36,0.806766,0.001764,5
source_prior,SynWoodScape pretrain,iou_free,37,0.806954,0.001579,5
source_prior,SynWoodScape pretrain,iou_free,38,0.807046,0.001936,5
source_prior,SynWoodScape pretrain,iou_free,39,0.807238,0.001913,5
source_prior,SynWoodScape pretrain,iou_free,40,0.80762,0.0016,5
source_prior,SynWoodScape pretrain,iou_free,41,0.807409,0.00208,5
source_prior,SynWoodScape pretrain,iou_free,42,0.807061,0.001214,5
source_prior,SynWoodScape pretrain,iou_free,43,0.807939,0.001147,5
source_prior,SynWoodScape pretrain,iou_free,44,0.807611,0.001117,5
source_prior,SynWoodScape pretrain,iou_free,45,0.8073,0.001243,5
source_prior,SynWoodScape pretrain,iou_free,46,0.807588,0.001361,5
source_prior,SynWoodScape pretrain,iou_free,47,0.808264,0.001247,5
source_prior,SynWoodScape pretrain,iou_free,48,0.80842,0.001525,5
source_prior,SynWoodScape pretrain,iou_free,49,0.80814,0.001032,5
source_prior,SynWoodScape pretrain,iou_free,50,0.80845,0.000933,5
source_prior,SynWoodScape pretrain,iou_free,51,0.808431,0.001512,5
source_prior,SynWoodScape pretrain,iou_free,52,0.807994,0.001513,5
source_prior,SynWoodScape pretrain,iou_free,53,0.808381,0.001218,5
source_prior,SynWoodScape pretrain,iou_free,54,0.808515,0.0018,5
source_prior,SynWoodScape pretrain,iou_free,55,0.808666,0.001681,5
source_prior,SynWoodScape pretrain,iou_free,56,0.808457,0.000924,5
source_prior,SynWoodScape pretrain,iou_free,57,0.809067,0.001441,5
source_prior,SynWoodScape pretrain,iou_free,58,0.808595,0.001513,5
source_prior,SynWoodScape pretrain,iou_free,59,0.808817,0.001077,5
source_prior,SynWoodScape pretrain,iou_free,60,0.808805,0.001342,5
source_prior,SynWoodScape pretrain,iou_free,61,0.80937,0.002117,5
source_prior,SynWoodScape pretrain,iou_free,62,0.808998,0.001356,5
source_prior,SynWoodScape pretrain,iou_free,63,0.809016,0.001287,5
source_prior,SynWoodScape pretrain,iou_free,64,0.809307,0.00149,5
source_prior,SynWoodScape pretrain,iou_free,65,0.809275,0.001478,5
source_prior,SynWoodScape pretrain,iou_free,66,0.809298,0.001631,5
source_prior,SynWoodScape pretrain,iou_free,67,0.808678,0.000826,5
source_prior,SynWoodScape pretrain,iou_free,68,0.809551,0.001311,5
source_prior,SynWoodScape pretrain,iou_free,69,0.809322,0.001218,5
source_prior,SynWoodScape pretrain,iou_free,70,0.809309,0.001386,5
source_prior,SynWoodScape pretrain,iou_free,71,0.809317,0.001302,5
source_prior,SynWoodScape pretrain,iou_free,72,0.809411,0.001431,5
source_prior,SynWoodScape pretrain,iou_free,73,0.809044,0.001523,5
source_prior,SynWoodScape pretrain,iou_free,74,0.809292,0.001274,5
source_prior,SynWoodScape pretrain,iou_free,75,0.809014,0.001303,5
source_prior,SynWoodScape pretrain,iou_free,76,0.809452,0.001286,5
source_prior,SynWoodScape pretrain,iou_free,77,0.80961,0.001566,5
source_prior,SynWoodScape pretrain,iou_free,78,0.809639,0.001078,5
source_prior,SynWoodScape pretrain,iou_free,79,0.809287,0.001332,5
source_prior,SynWoodScape pretrain,iou_free,80,0.809638,0.001399,5
source_prior,SynWoodScape pretrain,iou_free,81,0.809293,0.001282,5
source_prior,SynWoodScape pretrain,iou_free,82,0.809486,0.001013,5
source_prior,SynWoodScape pretrain,iou_free,83,0.80963,0.001154,5
source_prior,SynWoodScape pretrain,iou_free,84,0.809376,0.001143,5
source_prior,SynWoodScape pretrain,iou_free,85,0.809439,0.001393,5
source_prior,SynWoodScape pretrain,iou_free,86,0.809199,0.00112,5
source_prior,SynWoodScape pretrain,iou_free,87,0.809661,0.001545,5
source_prior,SynWoodScape pretrain,iou_free,88,0.809612,0.001356,5
source_prior,SynWoodScape pretrain,iou_free,89,0.809381,0.001049,5
source_prior,SynWoodScape pretrain,iou_free,90,0.809523,0.001309,5
source_prior,SynWoodScape pretrain,iou_free,91,0.809502,0.001217,5
source_prior,SynWoodScape pretrain,iou_free,92,0.809666,0.00137,5
source_prior,SynWoodScape pretrain,iou_free,93,0.809685,0.00124,5
source_prior,SynWoodScape pretrain,iou_free,94,0.809554,0.001198,5
source_prior,SynWoodScape pretrain,iou_free,95,0.809662,0.001202,5
source_prior,SynWoodScape pretrain,iou_free,96,0.80977,0.00104,5
source_prior,SynWoodScape pretrain,iou_free,97,0.809845,0.001257,5
source_prior,SynWoodScape pretrain,iou_free,98,0.80963,0.001159,5
source_prior,SynWoodScape pretrain,iou_free,99,0.809584,0.001225,5
source_prior,SynWoodScape pretrain,iou_free,100,0.809779,0.001161,5
source_prior,SynWoodScape pretrain,iou_non_free,1,0.615483,0.031888,5
source_prior,SynWoodScape pretrain,iou_non_free,2,0.913258,0.004756,5
source_prior,SynWoodScape pretrain,iou_non_free,3,0.927489,0.002211,5
source_prior,SynWoodScape pretrain,iou_non_free,4,0.933526,0.002214,5
source_prior,SynWoodScape pretrain,iou_non_free,5,0.934678,0.002114,5
source_prior,SynWoodScape pretrain,iou_non_free,6,0.936709,0.001658,5
source_prior,SynWoodScape pretrain,iou_non_free,7,0.936154,0.002197,5
source_prior,SynWoodScape pretrain,iou_non_free,8,0.9372,0.000472,5
source_prior,SynWoodScape pretrain,iou_non_free,9,0.9384,0.001021,5
source_prior,SynWoodScape pretrain,iou_non_free,10,0.939058,0.001442,5
source_prior,SynWoodScape pretrain,iou_non_free,11,0.939463,0.000778,5
source_prior,SynWoodScape pretrain,iou_non_free,12,0.939956,0.001273,5
source_prior,SynWoodScape pretrain,iou_non_free,13,0.939994,0.001144,5
source_prior,SynWoodScape pretrain,iou_non_free,14,0.940399,0.000364,5
source_prior,SynWoodScape pretrain,iou_non_free,15,0.939718,0.00118,5
source_prior,SynWoodScape pretrain,iou_non_free,16,0.940947,0.000598,5
source_prior,SynWoodScape pretrain,iou_non_free,17,0.940512,0.000908,5
source_prior,SynWoodScape pretrain,iou_non_free,18,0.940688,0.000975,5
source_prior,SynWoodScape pretrain,iou_non_free,19,0.941223,0.001233,5
source_prior,SynWoodScape pretrain,iou_non_free,20,0.941009,0.000828,5
source_prior,SynWoodScape pretrain,iou_non_free,21,0.940694,0.00081,5
source_prior,SynWoodScape pretrain,iou_non_free,22,0.941305,0.000924,5
source_prior,SynWoodScape pretrain,iou_non_free,23,0.941265,0.001171,5
source_prior,SynWoodScape pretrain,iou_non_free,24,0.941737,0.000911,5
source_prior,SynWoodScape pretrain,iou_non_free,25,0.941736,0.001386,5
source_prior,SynWoodScape pretrain,iou_non_free,26,0.941125,0.001212,5
source_prior,SynWoodScape pretrain,iou_non_free,27,0.941863,0.000825,5
source_prior,SynWoodScape pretrain,iou_non_free,28,0.941637,0.001077,5
source_prior,SynWoodScape pretrain,iou_non_free,29,0.941646,0.000642,5
source_prior,SynWoodScape pretrain,iou_non_free,30,0.941636,0.000904,5
source_prior,SynWoodScape pretrain,iou_non_free,31,0.941582,0.000766,5
source_prior,SynWoodScape pretrain,iou_non_free,32,0.941683,0.001094,5
source_prior,SynWoodScape pretrain,iou_non_free,33,0.941807,0.00073,5
source_prior,SynWoodScape pretrain,iou_non_free,34,0.942004,0.000682,5
source_prior,SynWoodScape pretrain,iou_non_free,35,0.941927,0.001172,5
source_prior,SynWoodScape pretrain,iou_non_free,36,0.942335,0.000985,5
source_prior,SynWoodScape pretrain,iou_non_free,37,0.942121,0.000828,5
source_prior,SynWoodScape pretrain,iou_non_free,38,0.942383,0.000766,5
source_prior,SynWoodScape pretrain,iou_non_free,39,0.942395,0.000672,5
source_prior,SynWoodScape pretrain,iou_non_free,40,0.942646,0.000755,5
source_prior,SynWoodScape pretrain,iou_non_free,41,0.942248,0.00071,5
source_prior,SynWoodScape pretrain,iou_non_free,42,0.942357,0.000539,5
source_prior,SynWoodScape pretrain,iou_non_free,43,0.942386,0.000663,5
source_prior,SynWoodScape pretrain,iou_non_free,44,0.94243,0.000665,5
source_prior,SynWoodScape pretrain,iou_non_free,45,0.942317,0.000605,5
source_prior,SynWoodScape pretrain,iou_non_free,46,0.942501,0.000722,5
source_prior,SynWoodScape pretrain,iou_non_free,47,0.942629,0.000208,5
source_prior,SynWoodScape pretrain,iou_non_free,48,0.94275,0.000814,5
source_prior,SynWoodScape pretrain,iou_non_free,49,0.942521,0.000588,5
source_prior,SynWoodScape pretrain,iou_non_free,50,0.942665,0.000509,5
source_prior,SynWoodScape pretrain,iou_non_free,51,0.94284,0.000622,5
source_prior,SynWoodScape pretrain,iou_non_free,52,0.94251,0.00058,5
source_prior,SynWoodScape pretrain,iou_non_free,53,0.942798,0.000782,5
source_prior,SynWoodScape pretrain,iou_non_free,54,0.942786,0.000551,5
source_prior,SynWoodScape pretrain,iou_non_free,55,0.942808,0.000722,5
source_prior,SynWoodScape pretrain,iou_non_free,56,0.94269,0.000385,5
source_prior,SynWoodScape pretrain,iou_non_free,57,0.942997,0.000654,5
source_prior,SynWoodScape pretrain,iou_non_free,58,0.942905,0.000622,5
source_prior,SynWoodScape pretrain,iou_non_free,59,0.94286,0.00047,5
source_prior,SynWoodScape pretrain,iou_non_free,60,0.942796,0.000346,5
source_prior,SynWoodScape pretrain,iou_non_free,61,0.943172,0.000987,5
source_prior,SynWoodScape pretrain,iou_non_free,62,0.943135,0.000771,5
source_prior,SynWoodScape pretrain,iou_non_free,63,0.942885,0.000428,5
source_prior,SynWoodScape pretrain,iou_non_free,64,0.94314,0.000542,5
source_prior,SynWoodScape pretrain,iou_non_free,65,0.942981,0.000457,5
source_prior,SynWoodScape pretrain,iou_non_free,66,0.943031,0.000686,5
source_prior,SynWoodScape pretrain,iou_non_free,67,0.942913,0.000308,5
source_prior,SynWoodScape pretrain,iou_non_free,68,0.943254,0.000593,5
source_prior,SynWoodScape pretrain,iou_non_free,69,0.943208,0.000461,5
source_prior,SynWoodScape pretrain,iou_non_free,70,0.943003,0.000637,5
source_prior,SynWoodScape pretrain,iou_non_free,71,0.943217,0.000548,5
source_prior,SynWoodScape pretrain,iou_non_free,72,0.9431,0.000747,5
source_prior,SynWoodScape pretrain,iou_non_free,73,0.943046,0.000577,5
source_prior,SynWoodScape pretrain,iou_non_free,74,0.943131,0.000438,5
source_prior,SynWoodScape pretrain,iou_non_free,75,0.943043,0.000509,5
source_prior,SynWoodScape pretrain,iou_non_free,76,0.943165,0.00049,5
source_prior,SynWoodScape pretrain,iou_non_free,77,0.943302,0.000589,5
source_prior,SynWoodScape pretrain,iou_non_free,78,0.943323,0.00036,5
source_prior,SynWoodScape pretrain,iou_non_free,79,0.943138,0.00055,5
source_prior,SynWoodScape pretrain,iou_non_free,80,0.943243,0.000508,5
source_prior,SynWoodScape pretrain,iou_non_free,81,0.94319,0.000501,5
source_prior,SynWoodScape pretrain,iou_non_free,82,0.943242,0.000505,5
source_prior,SynWoodScape pretrain,iou_non_free,83,0.943234,0.000478,5
source_prior,SynWoodScape pretrain,iou_non_free,84,0.94315,0.000392,5
source_prior,SynWoodScape pretrain,iou_non_free,85,0.94316,0.000496,5
source_prior,SynWoodScape pretrain,iou_non_free,86,0.943152,0.000463,5
source_prior,SynWoodScape pretrain,iou_non_free,87,0.943269,0.000533,5
source_prior,SynWoodScape pretrain,iou_non_free,88,0.943284,0.000539,5
source_prior,SynWoodScape pretrain,iou_non_free,89,0.94323,0.000455,5
source_prior,SynWoodScape pretrain,iou_non_free,90,0.943241,0.000511,5
source_prior,SynWoodScape pretrain,iou_non_free,91,0.943242,0.000484,5
source_prior,SynWoodScape pretrain,iou_non_free,92,0.943224,0.00054,5
source_prior,SynWoodScape pretrain,iou_non_free,93,0.943262,0.000483,5
source_prior,SynWoodScape pretrain,iou_non_free,94,0.943262,0.000505,5
source_prior,SynWoodScape pretrain,iou_non_free,95,0.943257,0.000485,5
source_prior,SynWoodScape pretrain,iou_non_free,96,0.943326,0.000421,5
source_prior,SynWoodScape pretrain,iou_non_free,97,0.943347,0.000525,5
source_prior,SynWoodScape pretrain,iou_non_free,98,0.943246,0.000486,5
source_prior,SynWoodScape pretrain,iou_non_free,99,0.943236,0.000477,5
source_prior,SynWoodScape pretrain,iou_non_free,100,0.943315,0.000453,5
source_prior,SynWoodScape pretrain,precision,1,0.391688,0.018367,5
source_prior,SynWoodScape pretrain,precision,2,0.80054,0.018932,5
source_prior,SynWoodScape pretrain,precision,3,0.849605,0.011177,5
source_prior,SynWoodScape pretrain,precision,4,0.859609,0.010893,5
source_prior,SynWoodScape pretrain,precision,5,0.861779,0.0126,5
source_prior,SynWoodScape pretrain,precision,6,0.871825,0.004053,5
source_prior,SynWoodScape pretrain,precision,7,0.866886,0.011264,5
source_prior,SynWoodScape pretrain,precision,8,0.863956,0.006599,5
source_prior,SynWoodScape pretrain,precision,9,0.868454,0.007084,5
source_prior,SynWoodScape pretrain,precision,10,0.871214,0.008853,5
source_prior,SynWoodScape pretrain,precision,11,0.874856,0.004106,5
source_prior,SynWoodScape pretrain,precision,12,0.876906,0.004806,5
source_prior,SynWoodScape pretrain,precision,13,0.875098,0.005745,5
source_prior,SynWoodScape pretrain,precision,14,0.87432,0.004354,5
source_prior,SynWoodScape pretrain,precision,15,0.872275,0.006281,5
source_prior,SynWoodScape pretrain,precision,16,0.879343,0.006829,5
source_prior,SynWoodScape pretrain,precision,17,0.873421,0.007085,5
source_prior,SynWoodScape pretrain,precision,18,0.873628,0.007526,5
source_prior,SynWoodScape pretrain,precision,19,0.877188,0.005976,5
source_prior,SynWoodScape pretrain,precision,20,0.875523,0.00692,5
source_prior,SynWoodScape pretrain,precision,21,0.872061,0.005573,5
source_prior,SynWoodScape pretrain,precision,22,0.877277,0.007886,5
source_prior,SynWoodScape pretrain,precision,23,0.875755,0.006983,5
source_prior,SynWoodScape pretrain,precision,24,0.876379,0.007755,5
source_prior,SynWoodScape pretrain,precision,25,0.879695,0.007167,5
source_prior,SynWoodScape pretrain,precision,26,0.87505,0.008065,5
source_prior,SynWoodScape pretrain,precision,27,0.878281,0.004994,5
source_prior,SynWoodScape pretrain,precision,28,0.87722,0.005509,5
source_prior,SynWoodScape pretrain,precision,29,0.876979,0.0036,5
source_prior,SynWoodScape pretrain,precision,30,0.877173,0.003259,5
source_prior,SynWoodScape pretrain,precision,31,0.87577,0.0065,5
source_prior,SynWoodScape pretrain,precision,32,0.876989,0.002717,5
source_prior,SynWoodScape pretrain,precision,33,0.875,0.001774,5
source_prior,SynWoodScape pretrain,precision,34,0.878175,0.0028,5
source_prior,SynWoodScape pretrain,precision,35,0.876741,0.007314,5
source_prior,SynWoodScape pretrain,precision,36,0.880043,0.006143,5
source_prior,SynWoodScape pretrain,precision,37,0.877622,0.004941,5
source_prior,SynWoodScape pretrain,precision,38,0.878595,0.004328,5
source_prior,SynWoodScape pretrain,precision,39,0.880013,0.005111,5
source_prior,SynWoodScape pretrain,precision,40,0.881309,0.005039,5
source_prior,SynWoodScape pretrain,precision,41,0.878197,0.00457,5
source_prior,SynWoodScape pretrain,precision,42,0.878858,0.003969,5
source_prior,SynWoodScape pretrain,precision,43,0.87716,0.003083,5
source_prior,SynWoodScape pretrain,precision,44,0.877845,0.005412,5
source_prior,SynWoodScape pretrain,precision,45,0.878583,0.005712,5
source_prior,SynWoodScape pretrain,precision,46,0.878706,0.004855,5
source_prior,SynWoodScape pretrain,precision,47,0.879627,0.003061,5
source_prior,SynWoodScape pretrain,precision,48,0.880494,0.003998,5
source_prior,SynWoodScape pretrain,precision,49,0.878356,0.004207,5
source_prior,SynWoodScape pretrain,precision,50,0.878267,0.004536,5
source_prior,SynWoodScape pretrain,precision,51,0.880029,0.004629,5
source_prior,SynWoodScape pretrain,precision,52,0.878278,0.003477,5
source_prior,SynWoodScape pretrain,precision,53,0.879047,0.004098,5
source_prior,SynWoodScape pretrain,precision,54,0.879414,0.003761,5
source_prior,SynWoodScape pretrain,precision,55,0.880386,0.003642,5
source_prior,SynWoodScape pretrain,precision,56,0.878568,0.004091,5
source_prior,SynWoodScape pretrain,precision,57,0.881325,0.003796,5
source_prior,SynWoodScape pretrain,precision,58,0.8804,0.004596,5
source_prior,SynWoodScape pretrain,precision,59,0.879896,0.004076,5
source_prior,SynWoodScape pretrain,precision,60,0.879225,0.003962,5
source_prior,SynWoodScape pretrain,precision,61,0.8818,0.003158,5
source_prior,SynWoodScape pretrain,precision,62,0.880842,0.005742,5
source_prior,SynWoodScape pretrain,precision,63,0.880326,0.003772,5
source_prior,SynWoodScape pretrain,precision,64,0.880675,0.004862,5
source_prior,SynWoodScape pretrain,precision,65,0.880263,0.004619,5
source_prior,SynWoodScape pretrain,precision,66,0.879712,0.003921,5
source_prior,SynWoodScape pretrain,precision,67,0.879782,0.00469,5
source_prior,SynWoodScape pretrain,precision,68,0.881699,0.004426,5
source_prior,SynWoodScape pretrain,precision,69,0.881418,0.003273,5
source_prior,SynWoodScape pretrain,precision,70,0.880016,0.004038,5
source_prior,SynWoodScape pretrain,precision,71,0.882135,0.005205,5
source_prior,SynWoodScape pretrain,precision,72,0.880526,0.005488,5
source_prior,SynWoodScape pretrain,precision,73,0.880208,0.003726,5
source_prior,SynWoodScape pretrain,precision,74,0.881363,0.003791,5
source_prior,SynWoodScape pretrain,precision,75,0.880867,0.004937,5
source_prior,SynWoodScape pretrain,precision,76,0.881095,0.003687,5
source_prior,SynWoodScape pretrain,precision,77,0.882384,0.003326,5
source_prior,SynWoodScape pretrain,precision,78,0.882535,0.003499,5
source_prior,SynWoodScape pretrain,precision,79,0.881033,0.004306,5
source_prior,SynWoodScape pretrain,precision,80,0.881184,0.003848,5
source_prior,SynWoodScape pretrain,precision,81,0.881409,0.004466,5
source_prior,SynWoodScape pretrain,precision,82,0.88174,0.004299,5
source_prior,SynWoodScape pretrain,precision,83,0.881503,0.003343,5
source_prior,SynWoodScape pretrain,precision,84,0.881016,0.003395,5
source_prior,SynWoodScape pretrain,precision,85,0.881336,0.00329,5
source_prior,SynWoodScape pretrain,precision,86,0.881223,0.003095,5
source_prior,SynWoodScape pretrain,precision,87,0.88142,0.003774,5
source_prior,SynWoodScape pretrain,precision,88,0.882027,0.003647,5
source_prior,SynWoodScape pretrain,precision,89,0.881643,0.003576,5
source_prior,SynWoodScape pretrain,precision,90,0.881525,0.003634,5
source_prior,SynWoodScape pretrain,precision,91,0.88165,0.003826,5
source_prior,SynWoodScape pretrain,precision,92,0.881219,0.004506,5
source_prior,SynWoodScape pretrain,precision,93,0.881428,0.004071,5
source_prior,SynWoodScape pretrain,precision,94,0.881889,0.003864,5
source_prior,SynWoodScape pretrain,precision,95,0.881297,0.004512,5
source_prior,SynWoodScape pretrain,precision,96,0.881708,0.003244,5
source_prior,SynWoodScape pretrain,precision,97,0.881983,0.003375,5
source_prior,SynWoodScape pretrain,precision,98,0.881522,0.003633,5
source_prior,SynWoodScape pretrain,precision,99,0.881422,0.003877,5
source_prior,SynWoodScape pretrain,precision,100,0.881624,0.003387,5
source_prior,SynWoodScape pretrain,recall,1,0.952145,0.004969,5
source_prior,SynWoodScape pretrain,recall,2,0.887937,0.015396,5
source_prior,SynWoodScape pretrain,recall,3,0.889757,0.01345,5
source_prior,SynWoodScape pretrain,recall,4,0.902493,0.009162,5
source_prior,SynWoodScape pretrain,recall,5,0.903151,0.010953,5
source_prior,SynWoodScape pretrain,recall,6,0.899366,0.00477,5
source_prior,SynWoodScape pretrain,recall,7,0.901937,0.011037,5
source_prior,SynWoodScape pretrain,recall,8,0.910865,0.007318,5
source_prior,SynWoodScape pretrain,recall,9,0.908169,0.007245,5
source_prior,SynWoodScape pretrain,recall,10,0.908526,0.007666,5
source_prior,SynWoodScape pretrain,recall,11,0.905809,0.005946,5
source_prior,SynWoodScape pretrain,recall,12,0.902051,0.003137,5
source_prior,SynWoodScape pretrain,recall,13,0.906626,0.005231,5
source_prior,SynWoodScape pretrain,recall,14,0.908024,0.004922,5
source_prior,SynWoodScape pretrain,recall,15,0.908914,0.005386,5
source_prior,SynWoodScape pretrain,recall,16,0.903331,0.007724,5
source_prior,SynWoodScape pretrain,recall,17,0.910194,0.006665,5
source_prior,SynWoodScape pretrain,recall,18,0.910985,0.007863,5
source_prior,SynWoodScape pretrain,recall,19,0.908124,0.004603,5
source_prior,SynWoodScape pretrain,recall,20,0.908666,0.006466,5
source_prior,SynWoodScape pretrain,recall,21,0.912318,0.00494,5
source_prior,SynWoodScape pretrain,recall,22,0.908228,0.008606,5
source_prior,SynWoodScape pretrain,recall,23,0.910362,0.006462,5
source_prior,SynWoodScape pretrain,recall,24,0.911028,0.008448,5
source_prior,SynWoodScape pretrain,recall,25,0.906523,0.004548,5
source_prior,SynWoodScape pretrain,recall,26,0.910329,0.006491,5
source_prior,SynWoodScape pretrain,recall,27,0.909352,0.004706,5
source_prior,SynWoodScape pretrain,recall,28,0.909005,0.005452,5
source_prior,SynWoodScape pretrain,recall,29,0.909844,0.003521,5
source_prior,SynWoodScape pretrain,recall,30,0.909499,0.002391,5
source_prior,SynWoodScape pretrain,recall,31,0.911687,0.005366,5
source_prior,SynWoodScape pretrain,recall,32,0.909673,0.002384,5
source_prior,SynWoodScape pretrain,recall,33,0.912468,0.002935,5
source_prior,SynWoodScape pretrain,recall,34,0.90909,0.004993,5
source_prior,SynWoodScape pretrain,recall,35,0.911456,0.005394,5
source_prior,SynWoodScape pretrain,recall,36,0.907736,0.006112,5
source_prior,SynWoodScape pretrain,recall,37,0.910561,0.004612,5
source_prior,SynWoodScape pretrain,recall,38,0.909609,0.002721,5
source_prior,SynWoodScape pretrain,recall,39,0.908354,0.003927,5
source_prior,SynWoodScape pretrain,recall,40,0.907494,0.004954,5
source_prior,SynWoodScape pretrain,recall,41,0.910489,0.004621,5
source_prior,SynWoodScape pretrain,recall,42,0.909362,0.003821,5
source_prior,SynWoodScape pretrain,recall,43,0.912257,0.002248,5
source_prior,SynWoodScape pretrain,recall,44,0.911167,0.005385,5
source_prior,SynWoodScape pretrain,recall,45,0.910024,0.005773,5
source_prior,SynWoodScape pretrain,recall,46,0.910219,0.004819,5
source_prior,SynWoodScape pretrain,recall,47,0.910058,0.003815,5
source_prior,SynWoodScape pretrain,recall,48,0.909329,0.003442,5
source_prior,SynWoodScape pretrain,recall,49,0.911329,0.004706,5
source_prior,SynWoodScape pretrain,recall,50,0.911801,0.004889,5
source_prior,SynWoodScape pretrain,recall,51,0.909815,0.005042,5
source_prior,SynWoodScape pretrain,recall,52,0.911143,0.003072,5
source_prior,SynWoodScape pretrain,recall,53,0.910851,0.004128,5
source_prior,SynWoodScape pretrain,recall,54,0.910639,0.002501,5
source_prior,SynWoodScape pretrain,recall,55,0.909752,0.003019,5
source_prior,SynWoodScape pretrain,recall,56,0.911426,0.004507,5
source_prior,SynWoodScape pretrain,recall,57,0.909303,0.003167,5
source_prior,SynWoodScape pretrain,recall,58,0.909621,0.003895,5
source_prior,SynWoodScape pretrain,recall,59,0.910499,0.003998,5
source_prior,SynWoodScape pretrain,recall,60,0.911181,0.003754,5
source_prior,SynWoodScape pretrain,recall,61,0.909155,0.001638,5
source_prior,SynWoodScape pretrain,recall,62,0.909676,0.004798,5
source_prior,SynWoodScape pretrain,recall,63,0.910226,0.004359,5
source_prior,SynWoodScape pretrain,recall,64,0.910284,0.004839,5
source_prior,SynWoodScape pretrain,recall,65,0.910715,0.005075,5
source_prior,SynWoodScape pretrain,recall,66,0.911281,0.003224,5
source_prior,SynWoodScape pretrain,recall,67,0.910429,0.005737,5
source_prior,SynWoodScape pretrain,recall,68,0.909534,0.003777,5
source_prior,SynWoodScape pretrain,recall,69,0.909462,0.003422,5
source_prior,SynWoodScape pretrain,recall,70,0.910972,0.003397,5
source_prior,SynWoodScape pretrain,recall,71,0.908767,0.004925,5
source_prior,SynWoodScape pretrain,recall,72,0.910561,0.005463,5
source_prior,SynWoodScape pretrain,recall,73,0.910387,0.003797,5
source_prior,SynWoodScape pretrain,recall,74,0.90947,0.004115,5
source_prior,SynWoodScape pretrain,recall,75,0.909701,0.005436,5
source_prior,SynWoodScape pretrain,recall,76,0.909987,0.003665,5
source_prior,SynWoodScape pretrain,recall,77,0.90881,0.00369,5
source_prior,SynWoodScape pretrain,recall,78,0.908663,0.004234,5
source_prior,SynWoodScape pretrain,recall,79,0.909853,0.004478,5
source_prior,SynWoodScape pretrain,recall,80,0.91008,0.003499,5
source_prior,SynWoodScape pretrain,recall,81,0.909479,0.00461,5
source_prior,SynWoodScape pretrain,recall,82,0.909344,0.004132,5
source_prior,SynWoodScape pretrain,recall,83,0.909766,0.003764,5
source_prior,SynWoodScape pretrain,recall,84,0.909974,0.003588,5
source_prior,SynWoodScape pretrain,recall,85,0.909714,0.003584,5
source_prior,SynWoodScape pretrain,recall,86,0.909533,0.003776,5
source_prior,SynWoodScape pretrain,recall,87,0.909909,0.004218,5
source_prior,SynWoodScape pretrain,recall,88,0.909222,0.004262,5
source_prior,SynWoodScape pretrain,recall,89,0.909333,0.003561,5
source_prior,SynWoodScape pretrain,recall,90,0.909641,0.003846,5
source_prior,SynWoodScape pretrain,recall,91,0.909475,0.00411,5
source_prior,SynWoodScape pretrain,recall,92,0.91013,0.004589,5
source_prior,SynWoodScape pretrain,recall,93,0.909939,0.004312,5
source_prior,SynWoodScape pretrain,recall,94,0.909271,0.003737,5
source_prior,SynWoodScape pretrain,recall,95,0.910063,0.004707,5
source_prior,SynWoodScape pretrain,recall,96,0.909723,0.003613,5
source_prior,SynWoodScape pretrain,recall,97,0.909541,0.003593,5
source_prior,SynWoodScape pretrain,recall,98,0.909766,0.003603,5
source_prior,SynWoodScape pretrain,recall,99,0.909829,0.004168,5
source_prior,SynWoodScape pretrain,recall,100,0.909854,0.003592,5
source_prior,SynWoodScape pretrain,bf_10cm,1,0.253356,0.021799,5
source_prior,SynWoodScape pretrain,bf_10cm,2,0.423404,0.039077,5
source_prior,SynWoodScape pretrain,bf_10cm,3,0.491419,0.017434,5
source_prior,SynWoodScape pretrain,bf_10cm,4,0.532513,0.01194,5
source_prior,SynWoodScape pretrain,bf_10cm,5,0.528755,0.009831,5
source_prior,SynWoodScape pretrain,bf_10cm,6,0.548071,0.015959,5
source_prior,SynWoodScape pretrain,bf_10cm,7,0.537247,0.013437,5
source_prior,SynWoodScape pretrain,bf_10cm,8,0.549388,0.01641,5
source_prior,SynWoodScape pretrain,bf_10cm,9,0.544712,0.011392,5
source_prior,SynWoodScape pretrain,bf_10cm,10,0.561191,0.015391,5
source_prior,SynWoodScape pretrain,bf_10cm,11,0.564471,0.016875,5
source_prior,SynWoodScape pretrain,bf_10cm,12,0.558882,0.014593,5
source_prior,SynWoodScape pretrain,bf_10cm,13,0.564011,0.012558,5
source_prior,SynWoodScape pretrain,bf_10cm,14,0.566324,0.006981,5
source_prior,SynWoodScape pretrain,bf_10cm,15,0.56031,0.01885,5
source_prior,SynWoodScape pretrain,bf_10cm,16,0.569655,0.016887,5
source_prior,SynWoodScape pretrain,bf_10cm,17,0.566948,0.011706,5
source_prior,SynWoodScape pretrain,bf_10cm,18,0.563485,0.005777,5
source_prior,SynWoodScape pretrain,bf_10cm,19,0.567959,0.010071,5
source_prior,SynWoodScape pretrain,bf_10cm,20,0.565719,0.00772,5
source_prior,SynWoodScape pretrain,bf_10cm,21,0.566837,0.011822,5
source_prior,SynWoodScape pretrain,bf_10cm,22,0.568665,0.006185,5
source_prior,SynWoodScape pretrain,bf_10cm,23,0.56942,0.008239,5
source_prior,SynWoodScape pretrain,bf_10cm,24,0.572516,0.010626,5
source_prior,SynWoodScape pretrain,bf_10cm,25,0.571804,0.011396,5
source_prior,SynWoodScape pretrain,bf_10cm,26,0.56567,0.007209,5
source_prior,SynWoodScape pretrain,bf_10cm,27,0.575258,0.011776,5
source_prior,SynWoodScape pretrain,bf_10cm,28,0.56767,0.010801,5
source_prior,SynWoodScape pretrain,bf_10cm,29,0.569817,0.011613,5
source_prior,SynWoodScape pretrain,bf_10cm,30,0.570353,0.011327,5
source_prior,SynWoodScape pretrain,bf_10cm,31,0.570645,0.011751,5
source_prior,SynWoodScape pretrain,bf_10cm,32,0.570454,0.014678,5
source_prior,SynWoodScape pretrain,bf_10cm,33,0.569989,0.013438,5
source_prior,SynWoodScape pretrain,bf_10cm,34,0.571553,0.011446,5
source_prior,SynWoodScape pretrain,bf_10cm,35,0.572402,0.013695,5
source_prior,SynWoodScape pretrain,bf_10cm,36,0.57223,0.009472,5
source_prior,SynWoodScape pretrain,bf_10cm,37,0.573832,0.011275,5
source_prior,SynWoodScape pretrain,bf_10cm,38,0.575219,0.00902,5
source_prior,SynWoodScape pretrain,bf_10cm,39,0.573252,0.008755,5
source_prior,SynWoodScape pretrain,bf_10cm,40,0.576756,0.009891,5
source_prior,SynWoodScape pretrain,bf_10cm,41,0.571408,0.008969,5
source_prior,SynWoodScape pretrain,bf_10cm,42,0.572276,0.008717,5
source_prior,SynWoodScape pretrain,bf_10cm,43,0.574418,0.009143,5
source_prior,SynWoodScape pretrain,bf_10cm,44,0.574817,0.009078,5
source_prior,SynWoodScape pretrain,bf_10cm,45,0.573365,0.007477,5
source_prior,SynWoodScape pretrain,bf_10cm,46,0.574569,0.009354,5
source_prior,SynWoodScape pretrain,bf_10cm,47,0.575906,0.009612,5
source_prior,SynWoodScape pretrain,bf_10cm,48,0.576285,0.009494,5
source_prior,SynWoodScape pretrain,bf_10cm,49,0.574024,0.009105,5
source_prior,SynWoodScape pretrain,bf_10cm,50,0.575094,0.006304,5
source_prior,SynWoodScape pretrain,bf_10cm,51,0.575875,0.008064,5
source_prior,SynWoodScape pretrain,bf_10cm,52,0.574633,0.009413,5
source_prior,SynWoodScape pretrain,bf_10cm,53,0.576107,0.007935,5
source_prior,SynWoodScape pretrain,bf_10cm,54,0.576006,0.007318,5
source_prior,SynWoodScape pretrain,bf_10cm,55,0.577092,0.011575,5
source_prior,SynWoodScape pretrain,bf_10cm,56,0.5743,0.007871,5
source_prior,SynWoodScape pretrain,bf_10cm,57,0.577542,0.009616,5
source_prior,SynWoodScape pretrain,bf_10cm,58,0.576806,0.008702,5
source_prior,SynWoodScape pretrain,bf_10cm,59,0.575851,0.007523,5
source_prior,SynWoodScape pretrain,bf_10cm,60,0.575609,0.008334,5
source_prior,SynWoodScape pretrain,bf_10cm,61,0.577114,0.013006,5
source_prior,SynWoodScape pretrain,bf_10cm,62,0.579182,0.00846,5
source_prior,SynWoodScape pretrain,bf_10cm,63,0.576067,0.007693,5
source_prior,SynWoodScape pretrain,bf_10cm,64,0.578178,0.008857,5
source_prior,SynWoodScape pretrain,bf_10cm,65,0.577463,0.007023,5
source_prior,SynWoodScape pretrain,bf_10cm,66,0.577963,0.008605,5
source_prior,SynWoodScape pretrain,bf_10cm,67,0.575739,0.005847,5
source_prior,SynWoodScape pretrain,bf_10cm,68,0.579367,0.009287,5
source_prior,SynWoodScape pretrain,bf_10cm,69,0.579062,0.008378,5
source_prior,SynWoodScape pretrain,bf_10cm,70,0.576694,0.008335,5
source_prior,SynWoodScape pretrain,bf_10cm,71,0.578257,0.008291,5
source_prior,SynWoodScape pretrain,bf_10cm,72,0.577399,0.008789,5
source_prior,SynWoodScape pretrain,bf_10cm,73,0.57781,0.009641,5
source_prior,SynWoodScape pretrain,bf_10cm,74,0.577503,0.007899,5
source_prior,SynWoodScape pretrain,bf_10cm,75,0.576937,0.009109,5
source_prior,SynWoodScape pretrain,bf_10cm,76,0.577498,0.009449,5
source_prior,SynWoodScape pretrain,bf_10cm,77,0.580064,0.010812,5
source_prior,SynWoodScape pretrain,bf_10cm,78,0.578447,0.007524,5
source_prior,SynWoodScape pretrain,bf_10cm,79,0.578776,0.009368,5
source_prior,SynWoodScape pretrain,bf_10cm,80,0.578219,0.00862,5
source_prior,SynWoodScape pretrain,bf_10cm,81,0.577329,0.008455,5
source_prior,SynWoodScape pretrain,bf_10cm,82,0.578745,0.009945,5
source_prior,SynWoodScape pretrain,bf_10cm,83,0.5785,0.009115,5
source_prior,SynWoodScape pretrain,bf_10cm,84,0.577229,0.007406,5
source_prior,SynWoodScape pretrain,bf_10cm,85,0.578165,0.008979,5
source_prior,SynWoodScape pretrain,bf_10cm,86,0.576778,0.010004,5
source_prior,SynWoodScape pretrain,bf_10cm,87,0.579291,0.008681,5
source_prior,SynWoodScape pretrain,bf_10cm,88,0.578969,0.009387,5
source_prior,SynWoodScape pretrain,bf_10cm,89,0.578151,0.00882,5
source_prior,SynWoodScape pretrain,bf_10cm,90,0.57799,0.00903,5
source_prior,SynWoodScape pretrain,bf_10cm,91,0.578436,0.008062,5
source_prior,SynWoodScape pretrain,bf_10cm,92,0.579465,0.006557,5
source_prior,SynWoodScape pretrain,bf_10cm,93,0.578938,0.008144,5
source_prior,SynWoodScape pretrain,bf_10cm,94,0.578015,0.007977,5
source_prior,SynWoodScape pretrain,bf_10cm,95,0.578536,0.008661,5
source_prior,SynWoodScape pretrain,bf_10cm,96,0.578598,0.008717,5
source_prior,SynWoodScape pretrain,bf_10cm,97,0.579103,0.008999,5
source_prior,SynWoodScape pretrain,bf_10cm,98,0.577852,0.0079,5
source_prior,SynWoodScape pretrain,bf_10cm,99,0.578038,0.008444,5
source_prior,SynWoodScape pretrain,bf_10cm,100,0.578799,0.008461,5
source_prior,SynWoodScape pretrain,bf_20cm,1,0.445549,0.032062,5
source_prior,SynWoodScape pretrain,bf_20cm,2,0.651672,0.049857,5
source_prior,SynWoodScape pretrain,bf_20cm,3,0.74282,0.010077,5
source_prior,SynWoodScape pretrain,bf_20cm,4,0.773986,0.003563,5
source_prior,SynWoodScape pretrain,bf_20cm,5,0.780501,0.006328,5
source_prior,SynWoodScape pretrain,bf_20cm,6,0.789506,0.015277,5
source_prior,SynWoodScape pretrain,bf_20cm,7,0.786533,0.014607,5
source_prior,SynWoodScape pretrain,bf_20cm,8,0.796233,0.014417,5
source_prior,SynWoodScape pretrain,bf_20cm,9,0.796349,0.006534,5
source_prior,SynWoodScape pretrain,bf_20cm,10,0.799341,0.01268,5
source_prior,SynWoodScape pretrain,bf_20cm,11,0.803926,0.011601,5
source_prior,SynWoodScape pretrain,bf_20cm,12,0.799768,0.013071,5
source_prior,SynWoodScape pretrain,bf_20cm,13,0.805207,0.010723,5
source_prior,SynWoodScape pretrain,bf_20cm,14,0.805998,0.006491,5
source_prior,SynWoodScape pretrain,bf_20cm,15,0.802225,0.013858,5
source_prior,SynWoodScape pretrain,bf_20cm,16,0.805091,0.007963,5
source_prior,SynWoodScape pretrain,bf_20cm,17,0.807111,0.01053,5
source_prior,SynWoodScape pretrain,bf_20cm,18,0.806847,0.008763,5
source_prior,SynWoodScape pretrain,bf_20cm,19,0.805955,0.008475,5
source_prior,SynWoodScape pretrain,bf_20cm,20,0.803017,0.007534,5
source_prior,SynWoodScape pretrain,bf_20cm,21,0.804545,0.006781,5
source_prior,SynWoodScape pretrain,bf_20cm,22,0.809007,0.0083,5
source_prior,SynWoodScape pretrain,bf_20cm,23,0.806847,0.010726,5
source_prior,SynWoodScape pretrain,bf_20cm,24,0.808995,0.008024,5
source_prior,SynWoodScape pretrain,bf_20cm,25,0.808983,0.010698,5
source_prior,SynWoodScape pretrain,bf_20cm,26,0.80538,0.006939,5
source_prior,SynWoodScape pretrain,bf_20cm,27,0.808178,0.009554,5
source_prior,SynWoodScape pretrain,bf_20cm,28,0.809406,0.006743,5
source_prior,SynWoodScape pretrain,bf_20cm,29,0.806525,0.010377,5
source_prior,SynWoodScape pretrain,bf_20cm,30,0.808753,0.010531,5
source_prior,SynWoodScape pretrain,bf_20cm,31,0.809272,0.009282,5
source_prior,SynWoodScape pretrain,bf_20cm,32,0.808578,0.013771,5
source_prior,SynWoodScape pretrain,bf_20cm,33,0.80837,0.010263,5
source_prior,SynWoodScape pretrain,bf_20cm,34,0.807719,0.010854,5
source_prior,SynWoodScape pretrain,bf_20cm,35,0.810345,0.011497,5
source_prior,SynWoodScape pretrain,bf_20cm,36,0.811253,0.009354,5
source_prior,SynWoodScape pretrain,bf_20cm,37,0.810435,0.008126,5
source_prior,SynWoodScape pretrain,bf_20cm,38,0.812259,0.006665,5
source_prior,SynWoodScape pretrain,bf_20cm,39,0.810659,0.009597,5
source_prior,SynWoodScape pretrain,bf_20cm,40,0.812228,0.008234,5
source_prior,SynWoodScape pretrain,bf_20cm,41,0.810955,0.007622,5
source_prior,SynWoodScape pretrain,bf_20cm,42,0.809938,0.007927,5
source_prior,SynWoodScape pretrain,bf_20cm,43,0.81104,0.006498,5
source_prior,SynWoodScape pretrain,bf_20cm,44,0.812295,0.005662,5
source_prior,SynWoodScape pretrain,bf_20cm,45,0.809174,0.006388,5
source_prior,SynWoodScape pretrain,bf_20cm,46,0.810756,0.006329,5
source_prior,SynWoodScape pretrain,bf_20cm,47,0.812266,0.008209,5
source_prior,SynWoodScape pretrain,bf_20cm,48,0.813276,0.004981,5
source_prior,SynWoodScape pretrain,bf_20cm,49,0.81097,0.007692,5
source_prior,SynWoodScape pretrain,bf_20cm,50,0.811888,0.006821,5
source_prior,SynWoodScape pretrain,bf_20cm,51,0.811966,0.005153,5
source_prior,SynWoodScape pretrain,bf_20cm,52,0.810448,0.007302,5
source_prior,SynWoodScape pretrain,bf_20cm,53,0.812213,0.006847,5
source_prior,SynWoodScape pretrain,bf_20cm,54,0.811874,0.006327,5
source_prior,SynWoodScape pretrain,bf_20cm,55,0.812904,0.007432,5
source_prior,SynWoodScape pretrain,bf_20cm,56,0.812148,0.006144,5
source_prior,SynWoodScape pretrain,bf_20cm,57,0.814731,0.007301,5
source_prior,SynWoodScape pretrain,bf_20cm,58,0.811903,0.006264,5
source_prior,SynWoodScape pretrain,bf_20cm,59,0.813066,0.006154,5
source_prior,SynWoodScape pretrain,bf_20cm,60,0.812817,0.00587,5
source_prior,SynWoodScape pretrain,bf_20cm,61,0.814236,0.009033,5
source_prior,SynWoodScape pretrain,bf_20cm,62,0.813343,0.007812,5
source_prior,SynWoodScape pretrain,bf_20cm,63,0.811678,0.006602,5
source_prior,SynWoodScape pretrain,bf_20cm,64,0.813539,0.005904,5
source_prior,SynWoodScape pretrain,bf_20cm,65,0.812023,0.007915,5
source_prior,SynWoodScape pretrain,bf_20cm,66,0.81399,0.006322,5
source_prior,SynWoodScape pretrain,bf_20cm,67,0.810803,0.006652,5
source_prior,SynWoodScape pretrain,bf_20cm,68,0.814091,0.006345,5
source_prior,SynWoodScape pretrain,bf_20cm,69,0.813004,0.007439,5
source_prior,SynWoodScape pretrain,bf_20cm,70,0.813254,0.006737,5
source_prior,SynWoodScape pretrain,bf_20cm,71,0.813418,0.005174,5
source_prior,SynWoodScape pretrain,bf_20cm,72,0.811927,0.0072,5
source_prior,SynWoodScape pretrain,bf_20cm,73,0.812157,0.006795,5
source_prior,SynWoodScape pretrain,bf_20cm,74,0.813085,0.0056,5
source_prior,SynWoodScape pretrain,bf_20cm,75,0.812477,0.006306,5
source_prior,SynWoodScape pretrain,bf_20cm,76,0.812579,0.007167,5
source_prior,SynWoodScape pretrain,bf_20cm,77,0.814368,0.007732,5
source_prior,SynWoodScape pretrain,bf_20cm,78,0.813741,0.004855,5
source_prior,SynWoodScape pretrain,bf_20cm,79,0.812327,0.007299,5
source_prior,SynWoodScape pretrain,bf_20cm,80,0.813834,0.006181,5
source_prior,SynWoodScape pretrain,bf_20cm,81,0.812905,0.004685,5
source_prior,SynWoodScape pretrain,bf_20cm,82,0.813918,0.005447,5
source_prior,SynWoodScape pretrain,bf_20cm,83,0.813109,0.006259,5
source_prior,SynWoodScape pretrain,bf_20cm,84,0.812384,0.005426,5
source_prior,SynWoodScape pretrain,bf_20cm,85,0.812867,0.006805,5
source_prior,SynWoodScape pretrain,bf_20cm,86,0.812291,0.00613,5
source_prior,SynWoodScape pretrain,bf_20cm,87,0.813337,0.006295,5
source_prior,SynWoodScape pretrain,bf_20cm,88,0.813029,0.006366,5
source_prior,SynWoodScape pretrain,bf_20cm,89,0.813013,0.006427,5
source_prior,SynWoodScape pretrain,bf_20cm,90,0.813477,0.00683,5
source_prior,SynWoodScape pretrain,bf_20cm,91,0.81329,0.006283,5
source_prior,SynWoodScape pretrain,bf_20cm,92,0.813268,0.006212,5
source_prior,SynWoodScape pretrain,bf_20cm,93,0.813228,0.006423,5
source_prior,SynWoodScape pretrain,bf_20cm,94,0.812481,0.005589,5
source_prior,SynWoodScape pretrain,bf_20cm,95,0.813274,0.006352,5
source_prior,SynWoodScape pretrain,bf_20cm,96,0.813847,0.006075,5
source_prior,SynWoodScape pretrain,bf_20cm,97,0.813473,0.006574,5
source_prior,SynWoodScape pretrain,bf_20cm,98,0.812869,0.005878,5
source_prior,SynWoodScape pretrain,bf_20cm,99,0.812879,0.006605,5
source_prior,SynWoodScape pretrain,bf_20cm,100,0.812961,0.006439,5
source_prior,SynWoodScape pretrain,bf_30cm,1,0.567301,0.034253,5
source_prior,SynWoodScape pretrain,bf_30cm,2,0.749516,0.053837,5
source_prior,SynWoodScape pretrain,bf_30cm,3,0.833737,0.007321,5
source_prior,SynWoodScape pretrain,bf_30cm,4,0.855354,0.002821,5
source_prior,SynWoodScape pretrain,bf_30cm,5,0.865601,0.003025,5
source_prior,SynWoodScape pretrain,bf_30cm,6,0.863956,0.012866,5
source_prior,SynWoodScape pretrain,bf_30cm,7,0.86964,0.009421,5
source_prior,SynWoodScape pretrain,bf_30cm,8,0.877461,0.0078,5
source_prior,SynWoodScape pretrain,bf_30cm,9,0.878891,0.004496,5
source_prior,SynWoodScape pretrain,bf_30cm,10,0.876499,0.011382,5
source_prior,SynWoodScape pretrain,bf_30cm,11,0.879982,0.007698,5
source_prior,SynWoodScape pretrain,bf_30cm,12,0.877185,0.009837,5
source_prior,SynWoodScape pretrain,bf_30cm,13,0.880875,0.007478,5
source_prior,SynWoodScape pretrain,bf_30cm,14,0.88225,0.006644,5
source_prior,SynWoodScape pretrain,bf_30cm,15,0.880474,0.009495,5
source_prior,SynWoodScape pretrain,bf_30cm,16,0.880348,0.008712,5
source_prior,SynWoodScape pretrain,bf_30cm,17,0.882817,0.006944,5
source_prior,SynWoodScape pretrain,bf_30cm,18,0.883856,0.004975,5
source_prior,SynWoodScape pretrain,bf_30cm,19,0.88216,0.006322,5
source_prior,SynWoodScape pretrain,bf_30cm,20,0.880174,0.006733,5
source_prior,SynWoodScape pretrain,bf_30cm,21,0.880862,0.005705,5
source_prior,SynWoodScape pretrain,bf_30cm,22,0.882822,0.007924,5
source_prior,SynWoodScape pretrain,bf_30cm,23,0.883884,0.008611,5
source_prior,SynWoodScape pretrain,bf_30cm,24,0.883531,0.006557,5
source_prior,SynWoodScape pretrain,bf_30cm,25,0.88232,0.007829,5
source_prior,SynWoodScape pretrain,bf_30cm,26,0.88256,0.004287,5
source_prior,SynWoodScape pretrain,bf_30cm,27,0.882492,0.008361,5
source_prior,SynWoodScape pretrain,bf_30cm,28,0.88397,0.007261,5
source_prior,SynWoodScape pretrain,bf_30cm,29,0.882404,0.008567,5
source_prior,SynWoodScape pretrain,bf_30cm,30,0.88184,0.008594,5
source_prior,SynWoodScape pretrain,bf_30cm,31,0.883933,0.007411,5
source_prior,SynWoodScape pretrain,bf_30cm,32,0.883002,0.011147,5
source_prior,SynWoodScape pretrain,bf_30cm,33,0.883545,0.008859,5
source_prior,SynWoodScape pretrain,bf_30cm,34,0.882034,0.008626,5
source_prior,SynWoodScape pretrain,bf_30cm,35,0.884688,0.007412,5
source_prior,SynWoodScape pretrain,bf_30cm,36,0.884373,0.007123,5
source_prior,SynWoodScape pretrain,bf_30cm,37,0.884648,0.005759,5
source_prior,SynWoodScape pretrain,bf_30cm,38,0.885084,0.006452,5
source_prior,SynWoodScape pretrain,bf_30cm,39,0.884497,0.0077,5
source_prior,SynWoodScape pretrain,bf_30cm,40,0.885551,0.007561,5
source_prior,SynWoodScape pretrain,bf_30cm,41,0.884399,0.007077,5
source_prior,SynWoodScape pretrain,bf_30cm,42,0.884363,0.006419,5
source_prior,SynWoodScape pretrain,bf_30cm,43,0.884363,0.005532,5
source_prior,SynWoodScape pretrain,bf_30cm,44,0.883825,0.005879,5
source_prior,SynWoodScape pretrain,bf_30cm,45,0.882543,0.005846,5
source_prior,SynWoodScape pretrain,bf_30cm,46,0.884108,0.006701,5
source_prior,SynWoodScape pretrain,bf_30cm,47,0.884912,0.006335,5
source_prior,SynWoodScape pretrain,bf_30cm,48,0.886018,0.005132,5
source_prior,SynWoodScape pretrain,bf_30cm,49,0.884684,0.006382,5
source_prior,SynWoodScape pretrain,bf_30cm,50,0.885358,0.006934,5
source_prior,SynWoodScape pretrain,bf_30cm,51,0.885327,0.004158,5
source_prior,SynWoodScape pretrain,bf_30cm,52,0.885162,0.006798,5
source_prior,SynWoodScape pretrain,bf_30cm,53,0.885605,0.005832,5
source_prior,SynWoodScape pretrain,bf_30cm,54,0.884581,0.006634,5
source_prior,SynWoodScape pretrain,bf_30cm,55,0.885177,0.006708,5
source_prior,SynWoodScape pretrain,bf_30cm,56,0.885196,0.005606,5
source_prior,SynWoodScape pretrain,bf_30cm,57,0.88632,0.006404,5
source_prior,SynWoodScape pretrain,bf_30cm,58,0.884674,0.006151,5
source_prior,SynWoodScape pretrain,bf_30cm,59,0.885536,0.005838,5
source_prior,SynWoodScape pretrain,bf_30cm,60,0.885399,0.006252,5
source_prior,SynWoodScape pretrain,bf_30cm,61,0.885711,0.005298,5
source_prior,SynWoodScape pretrain,bf_30cm,62,0.885245,0.006622,5
source_prior,SynWoodScape pretrain,bf_30cm,63,0.884444,0.006703,5
source_prior,SynWoodScape pretrain,bf_30cm,64,0.885737,0.005027,5
source_prior,SynWoodScape pretrain,bf_30cm,65,0.884821,0.006451,5
source_prior,SynWoodScape pretrain,bf_30cm,66,0.886705,0.005084,5
source_prior,SynWoodScape pretrain,bf_30cm,67,0.884505,0.006054,5
source_prior,SynWoodScape pretrain,bf_30cm,68,0.886366,0.004735,5
source_prior,SynWoodScape pretrain,bf_30cm,69,0.885449,0.00629,5
source_prior,SynWoodScape pretrain,bf_30cm,70,0.886278,0.006252,5
source_prior,SynWoodScape pretrain,bf_30cm,71,0.885874,0.004727,5
source_prior,SynWoodScape pretrain,bf_30cm,72,0.88463,0.006269,5
source_prior,SynWoodScape pretrain,bf_30cm,73,0.885857,0.006158,5
source_prior,SynWoodScape pretrain,bf_30cm,74,0.885495,0.005145,5
source_prior,SynWoodScape pretrain,bf_30cm,75,0.885278,0.004746,5
source_prior,SynWoodScape pretrain,bf_30cm,76,0.884925,0.005321,5
source_prior,SynWoodScape pretrain,bf_30cm,77,0.886076,0.006005,5
source_prior,SynWoodScape pretrain,bf_30cm,78,0.885408,0.005203,5
source_prior,SynWoodScape pretrain,bf_30cm,79,0.885109,0.005556,5
source_prior,SynWoodScape pretrain,bf_30cm,80,0.886353,0.005503,5
source_prior,SynWoodScape pretrain,bf_30cm,81,0.885615,0.004823,5
source_prior,SynWoodScape pretrain,bf_30cm,82,0.886089,0.004797,5
source_prior,SynWoodScape pretrain,bf_30cm,83,0.88565,0.005136,5
source_prior,SynWoodScape pretrain,bf_30cm,84,0.885364,0.004845,5
source_prior,SynWoodScape pretrain,bf_30cm,85,0.885599,0.005766,5
source_prior,SynWoodScape pretrain,bf_30cm,86,0.885365,0.005192,5
source_prior,SynWoodScape pretrain,bf_30cm,87,0.885874,0.005092,5
source_prior,SynWoodScape pretrain,bf_30cm,88,0.885336,0.00553,5
source_prior,SynWoodScape pretrain,bf_30cm,89,0.885932,0.005038,5
source_prior,SynWoodScape pretrain,bf_30cm,90,0.886012,0.005828,5
source_prior,SynWoodScape pretrain,bf_30cm,91,0.886072,0.005079,5
source_prior,SynWoodScape pretrain,bf_30cm,92,0.88633,0.005118,5
source_prior,SynWoodScape pretrain,bf_30cm,93,0.88577,0.005425,5
source_prior,SynWoodScape pretrain,bf_30cm,94,0.885306,0.004895,5
source_prior,SynWoodScape pretrain,bf_30cm,95,0.885908,0.005824,5
source_prior,SynWoodScape pretrain,bf_30cm,96,0.886176,0.005219,5
source_prior,SynWoodScape pretrain,bf_30cm,97,0.885893,0.005441,5
source_prior,SynWoodScape pretrain,bf_30cm,98,0.885547,0.005396,5
source_prior,SynWoodScape pretrain,bf_30cm,99,0.885592,0.005807,5
source_prior,SynWoodScape pretrain,bf_30cm,100,0.885447,0.005396,5
