arm,arm_label,metric,better_direction,control_mean,control_sd,arm_mean,arm_sd,paired_diff_mean,paired_diff_sd,paired_diff_se,abs_mean_over_se,sign_agreement,ci95_low,ci95_high,p_value,significant,verdict,diff_seed0,diff_seed1,diff_seed2,diff_seed3,diff_seed4
pinhole120,Undistort + pinhole 120deg,iou_free,higher,0.815779,0.000377,0.802935,0.002258,-0.012843,0.002035,0.00091,14.112,5/5,-0.01537,-0.010316,0.00015,True,control better,-0.016209,-0.011098,-0.012425,-0.011439,-0.013045
pinhole120,Undistort + pinhole 120deg,iou_non_free,higher,0.945432,0.000484,0.940534,0.001022,-0.004898,0.001006,0.00045,10.883,5/5,-0.006147,-0.003648,0.0004,True,control better,-0.006463,-0.00453,-0.003774,-0.004544,-0.005177
pinhole120,Undistort + pinhole 120deg,precision,higher,0.882551,0.000483,0.870662,0.00329,-0.011888,0.003235,0.001447,8.218,5/5,-0.015905,-0.007872,0.0012,True,control better,-0.01646,-0.00806,-0.010492,-0.010775,-0.013653
pinhole120,Undistort + pinhole 120deg,recall,higher,0.916802,0.000687,0.912883,0.001846,-0.00392,0.001908,0.000853,4.594,5/5,-0.006289,-0.001551,0.01008,True,control better,-0.00332,-0.006225,-0.005402,-0.003223,-0.001429
pinhole120,Undistort + pinhole 120deg,bf_10cm,higher,0.614129,0.004175,0.571656,0.003512,-0.042474,0.005579,0.002495,17.024,5/5,-0.049401,-0.035546,7e-05,True,control better,-0.052072,-0.038621,-0.041958,-0.041197,-0.03852
pinhole120,Undistort + pinhole 120deg,bf_20cm,higher,0.839366,0.003857,0.808248,0.00762,-0.031117,0.009265,0.004143,7.51,5/5,-0.042621,-0.019613,0.00168,True,control better,-0.043589,-0.019316,-0.034997,-0.032242,-0.025442
pinhole120,Undistort + pinhole 120deg,bf_30cm,higher,0.903668,0.002988,0.884336,0.006843,-0.019331,0.006454,0.002886,6.698,5/5,-0.027345,-0.011318,0.00259,True,control better,-0.027451,-0.00996,-0.022614,-0.018207,-0.018425
pinhole120,Undistort + pinhole 120deg,bf_10cm_precision,higher,0.585883,0.005579,0.541793,0.0051,-0.044091,0.008339,0.003729,11.823,5/5,-0.054445,-0.033736,0.00029,True,control better,-0.057038,-0.043575,-0.04426,-0.041717,-0.033864
pinhole120,Undistort + pinhole 120deg,bf_10cm_recall,higher,0.653842,0.00435,0.613777,0.004022,-0.040066,0.004288,0.001918,20.894,5/5,-0.04539,-0.034742,3e-05,True,control better,-0.044493,-0.033064,-0.040178,-0.040329,-0.042265
pinhole120,Undistort + pinhole 120deg,bf_20cm_precision,higher,0.796,0.005376,0.760982,0.009133,-0.035018,0.011104,0.004966,7.052,5/5,-0.048805,-0.021231,0.00213,True,control better,-0.051731,-0.025714,-0.038798,-0.03444,-0.024405
pinhole120,Undistort + pinhole 120deg,bf_20cm_recall,higher,0.897583,0.003983,0.873581,0.007256,-0.024002,0.008553,0.003825,6.275,5/5,-0.034622,-0.013382,0.00329,True,control better,-0.030061,-0.009521,-0.029243,-0.028207,-0.022978
pinhole120,Undistort + pinhole 120deg,bf_30cm_precision,higher,0.863968,0.004855,0.840966,0.008371,-0.023002,0.008281,0.003703,6.211,5/5,-0.033284,-0.01272,0.00342,True,control better,-0.03539,-0.015578,-0.026983,-0.020747,-0.01631
pinhole120,Undistort + pinhole 120deg,bf_30cm_recall,higher,0.955906,0.002155,0.943015,0.006465,-0.01289,0.006407,0.002865,4.499,5/5,-0.020846,-0.004935,0.01083,True,control better,-0.014248,-0.001761,-0.016396,-0.01421,-0.017837
pinhole120,Undistort + pinhole 120deg,ring_0.0-1.5m_iou_free,higher,0.844977,0.000668,0.833221,0.001753,-0.011756,0.00125,0.000559,21.022,5/5,-0.013309,-0.010204,3e-05,True,control better,-0.012223,-0.010714,-0.010239,-0.013281,-0.012324
pinhole120,Undistort + pinhole 120deg,ring_0.0-1.5m_iou_non_free,higher,0.922528,0.000718,0.914633,0.001491,-0.007895,0.001924,0.00086,9.175,5/5,-0.010284,-0.005506,0.00078,True,control better,-0.009187,-0.005738,-0.00587,-0.009011,-0.009667
pinhole120,Undistort + pinhole 120deg,ring_0.0-1.5m_precision,higher,0.889463,0.001531,0.875249,0.00279,-0.014214,0.002497,0.001117,12.729,5/5,-0.017314,-0.011113,0.00022,True,control better,-0.01715,-0.011977,-0.012904,-0.012349,-0.016688
pinhole120,Undistort + pinhole 120deg,ring_0.0-1.5m_recall,higher,0.946161,0.001147,0.948002,0.00272,0.001841,0.002911,0.001302,1.414,4/5,-0.001774,0.005456,0.2303,False,no significant difference (95% CI includes 0),0.004779,0.000112,0.001975,-0.002099,0.004436
pinhole120,Undistort + pinhole 120deg,ring_1.5-3.0m_iou_free,higher,0.81008,0.001064,0.79164,0.002689,-0.018439,0.002884,0.00129,14.294,5/5,-0.022021,-0.014858,0.00014,True,control better,-0.02245,-0.016147,-0.01897,-0.015178,-0.019451
pinhole120,Undistort + pinhole 120deg,ring_1.5-3.0m_iou_non_free,higher,0.942598,0.001013,0.9358,0.001346,-0.006798,0.001671,0.000747,9.094,5/5,-0.008873,-0.004722,0.00081,True,control better,-0.009563,-0.006992,-0.005208,-0.006001,-0.006224
pinhole120,Undistort + pinhole 120deg,ring_1.5-3.0m_precision,higher,0.87968,0.000846,0.866259,0.003476,-0.013421,0.00399,0.001784,7.522,5/5,-0.018375,-0.008467,0.00167,True,control better,-0.018255,-0.007664,-0.012076,-0.013376,-0.015733
pinhole120,Undistort + pinhole 120deg,ring_1.5-3.0m_recall,higher,0.913297,0.001974,0.903109,0.001933,-0.010188,0.002917,0.001304,7.81,5/5,-0.013809,-0.006566,0.00145,True,control better,-0.010366,-0.013677,-0.011903,-0.006015,-0.008977
pinhole120,Undistort + pinhole 120deg,ring_3.0-4.0m_iou_free,higher,0.792175,0.002866,0.790936,0.004739,-0.00124,0.002169,0.00097,1.278,4/5,-0.003932,0.001453,0.2703,False,no significant difference (95% CI includes 0),-0.004148,-2.6e-05,-0.002885,0.000975,-0.000115
pinhole120,Undistort + pinhole 120deg,ring_3.0-4.0m_iou_non_free,higher,0.952019,0.000818,0.951125,0.001735,-0.000894,0.000972,0.000435,2.055,4/5,-0.002101,0.000313,0.10901,False,no significant difference (95% CI includes 0),-0.002444,-0.000893,-0.000657,0.000241,-0.000713
pinhole120,Undistort + pinhole 120deg,ring_3.0-4.0m_precision,higher,0.873333,0.003474,0.86651,0.005426,-0.006823,0.002465,0.001103,6.189,5/5,-0.009884,-0.003762,0.00346,True,control better,-0.010279,-0.004237,-0.006074,-0.005164,-0.008361
pinhole120,Undistort + pinhole 120deg,ring_3.0-4.0m_recall,higher,0.893929,0.001743,0.903159,0.002304,0.009231,0.001049,0.000469,19.672,5/5,0.007928,0.010534,4e-05,True,arm better,0.010092,0.00849,0.007754,0.009986,0.009831
pinhole150,Undistort + pinhole 150deg,iou_free,higher,0.815779,0.000377,0.808396,0.000883,-0.007383,0.000996,0.000445,16.579,5/5,-0.00862,-0.006147,8e-05,True,control better,-0.007203,-0.007436,-0.007265,-0.006112,-0.0089
pinhole150,Undistort + pinhole 150deg,iou_non_free,higher,0.945432,0.000484,0.941183,0.000726,-0.004248,0.000564,0.000252,16.834,5/5,-0.004949,-0.003548,7e-05,True,control better,-0.003541,-0.004687,-0.004455,-0.003761,-0.004797
pinhole150,Undistort + pinhole 150deg,precision,higher,0.882551,0.000483,0.876216,0.002629,-0.006335,0.00276,0.001234,5.132,5/5,-0.009762,-0.002908,0.00683,True,control better,-0.007018,-0.003254,-0.010483,-0.006404,-0.004516
pinhole150,Undistort + pinhole 150deg,recall,higher,0.916802,0.000687,0.91496,0.003238,-0.001842,0.003805,0.001702,1.082,4/5,-0.006567,0.002883,0.33995,False,no significant difference (95% CI includes 0),-0.000676,-0.005547,0.002981,-7.2e-05,-0.005896
pinhole150,Undistort + pinhole 150deg,bf_10cm,higher,0.614129,0.004175,0.588925,0.003639,-0.025204,0.006246,0.002793,9.023,5/5,-0.03296,-0.017449,0.00084,True,control better,-0.034972,-0.026085,-0.02153,-0.025038,-0.018397
pinhole150,Undistort + pinhole 150deg,bf_20cm,higher,0.839366,0.003857,0.81832,0.005024,-0.021046,0.006545,0.002927,7.19,5/5,-0.029172,-0.012919,0.00198,True,control better,-0.025476,-0.029014,-0.01474,-0.021865,-0.014134
pinhole150,Undistort + pinhole 150deg,bf_30cm,higher,0.903668,0.002988,0.893014,0.004843,-0.010653,0.006607,0.002955,3.605,5/5,-0.018857,-0.002449,0.02265,True,control better,-0.012854,-0.019458,-0.007111,-0.012015,-0.001829
pinhole150,Undistort + pinhole 150deg,bf_10cm_precision,higher,0.585883,0.005579,0.563132,0.004016,-0.022751,0.008263,0.003696,6.157,5/5,-0.033012,-0.012491,0.00353,True,control better,-0.033154,-0.025836,-0.022335,-0.022124,-0.010308
pinhole150,Undistort + pinhole 150deg,bf_10cm_recall,higher,0.653842,0.00435,0.626677,0.003917,-0.027165,0.00577,0.00258,10.528,5/5,-0.034329,-0.020001,0.00046,True,control better,-0.03616,-0.024922,-0.020302,-0.027456,-0.026985
pinhole150,Undistort + pinhole 150deg,bf_20cm_precision,higher,0.796,0.005376,0.776086,0.006238,-0.019914,0.010274,0.004595,4.334,5/5,-0.032672,-0.007157,0.01231,True,control better,-0.027747,-0.03098,-0.016505,-0.01948,-0.00486
pinhole150,Undistort + pinhole 150deg,bf_20cm_recall,higher,0.897583,0.003983,0.876267,0.006256,-0.021315,0.005358,0.002396,8.896,5/5,-0.027968,-0.014663,0.00088,True,control better,-0.02082,-0.025151,-0.012201,-0.023953,-0.024453
pinhole150,Undistort + pinhole 150deg,bf_30cm_precision,higher,0.863968,0.004855,0.853003,0.006229,-0.010965,0.010039,0.00449,2.442,4/5,-0.02343,0.0015,0.07103,False,no significant difference (95% CI includes 0),-0.016396,-0.022588,-0.009527,-0.010725,0.004411
pinhole150,Undistort + pinhole 150deg,bf_30cm_recall,higher,0.955906,0.002155,0.946856,0.005219,-0.00905,0.004437,0.001984,4.561,5/5,-0.014559,-0.003541,0.01033,True,control better,-0.007114,-0.014057,-0.003134,-0.012806,-0.008138
pinhole150,Undistort + pinhole 150deg,ring_0.0-1.5m_iou_free,higher,0.844977,0.000668,0.847613,0.002434,0.002636,0.003003,0.001343,1.963,4/5,-0.001093,0.006365,0.12118,False,no significant difference (95% CI includes 0),-0.00073,0.003367,0.000487,0.007047,0.00301
pinhole150,Undistort + pinhole 150deg,ring_0.0-1.5m_iou_non_free,higher,0.922528,0.000718,0.922496,0.002378,-3.2e-05,0.002811,0.001257,0.025,3/5,-0.003522,0.003458,0.98093,False,no significant difference (95% CI includes 0),-0.004571,0.001151,-0.000323,0.002989,0.000594
pinhole150,Undistort + pinhole 150deg,ring_0.0-1.5m_precision,higher,0.889463,0.001531,0.893151,0.004118,0.003688,0.004895,0.002189,1.685,3/5,-0.002389,0.009765,0.16729,False,no significant difference (95% CI includes 0),-0.001226,0.006362,-0.001986,0.008358,0.006933
pinhole150,Undistort + pinhole 150deg,ring_0.0-1.5m_recall,higher,0.946161,0.001147,0.945475,0.002893,-0.000686,0.002698,0.001207,0.568,3/5,-0.004036,0.002664,0.60015,False,no significant difference (95% CI includes 0),0.001197,-0.002897,0.002763,-0.000845,-0.003646
pinhole150,Undistort + pinhole 150deg,ring_1.5-3.0m_iou_free,higher,0.81008,0.001064,0.798835,0.001105,-0.011245,0.001156,0.000517,21.757,5/5,-0.012679,-0.00981,3e-05,True,control better,-0.009892,-0.011654,-0.011089,-0.010628,-0.012959
pinhole150,Undistort + pinhole 150deg,ring_1.5-3.0m_iou_non_free,higher,0.942598,0.001013,0.935787,0.001432,-0.006811,0.001225,0.000548,12.432,5/5,-0.008332,-0.00529,0.00024,True,control better,-0.004959,-0.008271,-0.00712,-0.00644,-0.007264
pinhole150,Undistort + pinhole 150deg,ring_1.5-3.0m_precision,higher,0.87968,0.000846,0.872074,0.002079,-0.007606,0.002579,0.001153,6.595,5/5,-0.010808,-0.004404,0.00274,True,control better,-0.007707,-0.00378,-0.01012,-0.009776,-0.006645
pinhole150,Undistort + pinhole 150deg,ring_1.5-3.0m_recall,higher,0.913297,0.001974,0.906825,0.002555,-0.006472,0.004049,0.001811,3.574,5/5,-0.011499,-0.001444,0.02329,True,control better,-0.004044,-0.011473,-0.002926,-0.003669,-0.010246
pinhole150,Undistort + pinhole 150deg,ring_3.0-4.0m_iou_free,higher,0.792175,0.002866,0.786882,0.002437,-0.005293,0.002065,0.000924,5.73,5/5,-0.007858,-0.002728,0.00459,True,control better,-0.003014,-0.004443,-0.004235,-0.00659,-0.008182
pinhole150,Undistort + pinhole 150deg,ring_3.0-4.0m_iou_non_free,higher,0.952019,0.000818,0.947855,0.000822,-0.004164,0.000827,0.00037,11.254,5/5,-0.005191,-0.003137,0.00036,True,control better,-0.003033,-0.003784,-0.004224,-0.004532,-0.005247
pinhole150,Undistort + pinhole 150deg,ring_3.0-4.0m_precision,higher,0.873333,0.003474,0.85922,0.003789,-0.014113,0.005009,0.00224,6.3,5/5,-0.020333,-0.007893,0.00324,True,control better,-0.0084,-0.011034,-0.019701,-0.019024,-0.012406
pinhole150,Undistort + pinhole 150deg,ring_3.0-4.0m_recall,higher,0.893929,0.001743,0.908833,0.006103,0.014904,0.006699,0.002996,4.975,5/5,0.006586,0.023222,0.00763,True,arm better,0.013429,0.013989,0.02401,0.017505,0.005587
source_prior,SynWoodScape pretrain,iou_free,higher,0.815779,0.000377,0.809779,0.001161,-0.006,0.001273,0.000569,10.538,5/5,-0.00758,-0.004419,0.00046,True,control better,-0.004071,-0.007209,-0.006903,-0.005423,-0.006392
source_prior,SynWoodScape pretrain,iou_non_free,higher,0.945432,0.000484,0.943315,0.000453,-0.002117,0.000742,0.000332,6.382,5/5,-0.003037,-0.001196,0.00309,True,control better,-0.001421,-0.003248,-0.001507,-0.002049,-0.002358
source_prior,SynWoodScape pretrain,precision,higher,0.882551,0.000483,0.881624,0.003387,-0.000926,0.003708,0.001658,0.558,3/5,-0.00553,0.003678,0.60631,False,no significant difference (95% CI includes 0),0.003053,0.002032,-0.000739,-0.002907,-0.00607
source_prior,SynWoodScape pretrain,recall,higher,0.916802,0.000687,0.909854,0.003592,-0.006949,0.003806,0.001702,4.082,5/5,-0.011675,-0.002223,0.01507,True,control better,-0.008678,-0.01148,-0.008535,-0.003771,-0.002279
source_prior,SynWoodScape pretrain,bf_10cm,higher,0.614129,0.004175,0.578799,0.008461,-0.035331,0.010729,0.004798,7.364,5/5,-0.048652,-0.022009,0.00181,True,control better,-0.03628,-0.048427,-0.042544,-0.026934,-0.022467
source_prior,SynWoodScape pretrain,bf_20cm,higher,0.839366,0.003857,0.812961,0.006439,-0.026404,0.008527,0.003813,6.924,5/5,-0.036992,-0.015817,0.00228,True,control better,-0.027233,-0.036996,-0.026778,-0.027866,-0.01315
source_prior,SynWoodScape pretrain,bf_30cm,higher,0.903668,0.002988,0.885447,0.005396,-0.018221,0.008018,0.003586,5.081,5/5,-0.028177,-0.008265,0.00707,True,control better,-0.019639,-0.025888,-0.019103,-0.021777,-0.004695
source_prior,SynWoodScape pretrain,bf_10cm_precision,higher,0.585883,0.005579,0.55212,0.006642,-0.033763,0.011025,0.004931,6.848,5/5,-0.047453,-0.020073,0.00238,True,control better,-0.034735,-0.047635,-0.040036,-0.027108,-0.0193
source_prior,SynWoodScape pretrain,bf_10cm_recall,higher,0.653842,0.00435,0.617183,0.010558,-0.03666,0.010658,0.004766,7.692,5/5,-0.049893,-0.023427,0.00154,True,control better,-0.038215,-0.047713,-0.046021,-0.026296,-0.025054
source_prior,SynWoodScape pretrain,bf_20cm_precision,higher,0.796,0.005376,0.769643,0.004147,-0.026357,0.008554,0.003826,6.89,5/5,-0.036979,-0.015735,0.00233,True,control better,-0.027293,-0.035569,-0.028298,-0.028378,-0.012246
source_prior,SynWoodScape pretrain,bf_20cm_recall,higher,0.897583,0.003983,0.871531,0.009882,-0.026052,0.009346,0.00418,6.233,5/5,-0.037657,-0.014447,0.00338,True,control better,-0.02667,-0.037871,-0.026962,-0.027106,-0.011651
source_prior,SynWoodScape pretrain,bf_30cm_precision,higher,0.863968,0.004855,0.844322,0.003646,-0.019646,0.007776,0.003478,5.649,5/5,-0.029301,-0.009991,0.00484,True,control better,-0.020994,-0.026021,-0.021787,-0.023262,-0.006165
source_prior,SynWoodScape pretrain,bf_30cm_recall,higher,0.955906,0.002155,0.940428,0.008387,-0.015478,0.008979,0.004015,3.855,5/5,-0.026626,-0.004329,0.01823,True,control better,-0.016331,-0.02449,-0.017246,-0.018873,-0.000449
source_prior,SynWoodScape pretrain,ring_0.0-1.5m_iou_free,higher,0.844977,0.000668,0.842012,0.000853,-0.002966,0.000677,0.000303,9.789,5/5,-0.003807,-0.002124,0.00061,True,control better,-0.003524,-0.002212,-0.003136,-0.003659,-0.002297
source_prior,SynWoodScape pretrain,ring_0.0-1.5m_iou_non_free,higher,0.922528,0.000718,0.922359,0.000983,-0.000169,0.001607,0.000719,0.235,3/5,-0.002164,0.001826,0.82578,False,no significant difference (95% CI includes 0),-0.002525,-9e-05,0.001925,-0.00051,0.000356
source_prior,SynWoodScape pretrain,ring_0.0-1.5m_precision,higher,0.889463,0.001531,0.894912,0.004167,0.00545,0.003825,0.001711,3.186,5/5,0.000701,0.010199,0.03334,True,arm better,0.005246,0.01036,0.007435,0.004107,0.0001
source_prior,SynWoodScape pretrain,ring_0.0-1.5m_recall,higher,0.946161,0.001147,0.936305,0.004074,-0.009856,0.004307,0.001926,5.117,5/5,-0.015205,-0.004508,0.0069,True,control better,-0.010227,-0.01461,-0.011926,-0.009524,-0.002995
source_prior,SynWoodScape pretrain,ring_1.5-3.0m_iou_free,higher,0.81008,0.001064,0.802958,0.001662,-0.007121,0.002132,0.000954,7.468,5/5,-0.009769,-0.004474,0.00172,True,control better,-0.005602,-0.008552,-0.008193,-0.00416,-0.009099
source_prior,SynWoodScape pretrain,ring_1.5-3.0m_iou_non_free,higher,0.942598,0.001013,0.939207,0.000662,-0.003391,0.001003,0.000449,7.559,5/5,-0.004637,-0.002146,0.00164,True,control better,-0.003151,-0.004826,-0.002559,-0.002452,-0.003968
source_prior,SynWoodScape pretrain,ring_1.5-3.0m_precision,higher,0.87968,0.000846,0.875537,0.003983,-0.004142,0.004012,0.001794,2.309,4/5,-0.009123,0.000839,0.08212,False,no significant difference (95% CI includes 0),0.000299,-0.001384,-0.005723,-0.003889,-0.010014
source_prior,SynWoodScape pretrain,ring_1.5-3.0m_recall,higher,0.913297,0.001974,0.907939,0.00294,-0.005358,0.00353,0.001579,3.394,5/5,-0.009741,-0.000975,0.02743,True,control better,-0.007751,-0.009883,-0.005292,-0.002213,-0.001651
source_prior,SynWoodScape pretrain,ring_3.0-4.0m_iou_free,higher,0.792175,0.002866,0.785466,0.002195,-0.00671,0.003742,0.001674,4.009,5/5,-0.011356,-0.002063,0.01601,True,control better,-0.001145,-0.006903,-0.010948,-0.009066,-0.005487
source_prior,SynWoodScape pretrain,ring_3.0-4.0m_iou_non_free,higher,0.952019,0.000818,0.95016,0.000994,-0.001859,0.001446,0.000647,2.874,4/5,-0.003654,-6.3e-05,0.04528,True,control better,0.000428,-0.003548,-0.00199,-0.002371,-0.001812
source_prior,SynWoodScape pretrain,ring_3.0-4.0m_precision,higher,0.873333,0.003474,0.871115,0.004658,-0.002218,0.007896,0.003531,0.628,4/5,-0.012022,0.007586,0.56398,False,no significant difference (95% CI includes 0),0.009611,-0.001092,-0.002381,-0.012243,-0.004985
source_prior,SynWoodScape pretrain,ring_3.0-4.0m_recall,higher,0.893929,0.001743,0.888996,0.006766,-0.004932,0.005354,0.002394,2.06,4/5,-0.01158,0.001716,0.10846,False,no significant difference (95% CI includes 0),-0.009438,-0.003521,-0.011326,0.001612,-0.001989
